,0
0,《老芭》
1,探店厚比多……
2,这两箭帅的
3,接下来是原魔超绽放操作展示
4,菲米尼一刀1w
5,班尼特甚至满命
6,超绽放＞低金妮绽放＞烈绽放＞原绽放
7,哭死，他在试图教会我们
8,想起了3.0芭芭拉草本的逆天冻绽放
9,元素反应的魅力
10,开服59级？
11,芭芭拉最强的一集
12,我们玩的是同一个游戏吗
13,热知识：没人在意你深渊满没满，满的人很多
14,《展示容错》
15,这伤害。。。！！！
16,龙族！
17,高速神言
18,《策劃》
19,流水的五星 平民永远的深渊战神点秋香
20,似曾相识的冻绽放
21,哇好久没看见弓箭破弱点了
22,熟悉！
23,我个人感觉把别人封神榜删了有点不妥
24,上半dot队下半量子战舰
25,冻绽放
26,居然和我专武水龙不相上下
27,《星星的叫》
28,难道他真的是天才？
29,《两只策划》
30,赛博封神榜
31,种门照亮世界！
32,印度国父甘地
33,不同的试卷选出一样的草神队和龙芙队（
34,上半银枝下半饮月君【】
35,妮露青春版
36,龙兽是最简单的一层了（笑哭）
37,明显嘴巴有点跟不上脑子了（狗头）
38,up牛啊
39,打之前22（还是51？）体力，现在104
40,好家伙，死亡笔记
41,升华了还（狗头）
42,真就半秒钟都没剩下啊
43,《珐国配队》
44,专家会诊
45,沙虫本身的设计就是准备让玩家用扩散破球的
46,$¥%&*^@给哈哈哈开始高速神言了
47,经典暂停加伤害，崩三来的吧
48,烈绽放也是群伤罢（）
49,这就是我们点秋香热血沸腾的组合技！
50,山顶洞人号
51,西风主线有送，我以前开小号就送了
52,至少全90级（doge）
53,赌等于凹
54,比我10金队打的快
55,全角色90级
56,吃葡萄不吐葡萄皮
57,完结撒花
58,时间还很充裕，指还剩三秒
59,埃洛伊捏
60,打个深渊都能这么燃
61,还能再融件圣遗物
62,极限跳秒
63,细节点蚊香
64,芭芭拉水最多的一集
65,嗯？不对啊？不是珐露珊吗？怎么变成了中二少女？
66,受害者名单
67,都59了不可能满吧
68,流水的深渊，铁打的种门
69,看弹幕我都以为现在是22年。。。。
70,可惜芭芭拉水环被改了
71,6666666666666666666666666666666666666666666666666666666666666666666666666666666666666666666666666666
72,emo 抽根烟缓一下
73,这好比于二元一次方程解微积分？
74,哈哈哈哈
75,啊？
76,6
77,有点烟的声音
78,有点烟的声音
79,格局大开
80,937抽号都老了
81,开服号
82,这就是种门，只看产草种子角色的等级和精通，萌新的神
83,提前蕾姆
84,皇女换非2命雷神也是一样香菱C
85,帅死了
86,最好不是你自己预设的节目效果  孝鼠2333333
87,孝鼠2333333   我觉得这就是个自卖自夸的广告  484有这回事儿还有待商榷  靴靴2333333
88,应该说是10位同僚封了他  靴靴   孝鼠2333333  分不清主次  是谁求谁啊
89,孝鼠2333333 换个暴击头叭  凹那个暴击不知道多辛苦
90,孝鼠2333333  火伤杯输出  班尼特
91,54的暴击率有鬼用 就算拿鱼叉也才66  经常不暴击  还不如换暴击头  孝鼠2333333
92,觉得很错  关注都不会有  更别想三连  靴靴2333333
93,孝鼠2333333  号主一直白嫖啊¿  也是够恶熏了   不过主播们也是为了出名   这点苦还是得吃的  不然哪儿来的素材做视频  孝鼠2333333
94,肯定啊  超绽放不管谁放  效果都一样  孝鼠2333333
95,被对面机器人打出超绽放  孝鼠2333333
96,孝鼠2333333  结果并没有蒸发    2333333太好孝了叭
97,右边  孝鼠2333333  方向小能猪  2333333
98,雷国输出是点秋香，雷神是充电宝
99,芭天后的含金量
100,法国队
101,鸟国
102,芭芭拉是种门亲女儿
103,封原神榜
104,封神榜、
105,Bgm 起
106,0抽号
107,看到最后感觉自己有点丢人。最近才满星。
108,感觉达成了艾尔登法环
109,当做 主机游戏玩了，不抽卡，角色全靠送
110,全 90级都打不满，确实能力不行，
111,你的沉默震耳欲聋!
112,牛
113,跳秒了啊
114,所以我57级深渊满不了，是少练度还是少思路?
115,[OHHHH]
116,[OHHHH]
117,[OHHHH]
118,[OHHHH]
119,6
120,666
121,当你越有钱优越权，氪的越多，你就能无视老师给你发的试卷，甚至还能反着来。最终你都能站上顶端
122,uid是100开头的，应该是开服那阵建的号
123,全是送的
124,啊这……
125,新概念雷国
126,卧槽
127,极限！
128,太极限啦！
129,1000+人？
130,拉满了
131,疯狂产种子，引爆种子造成伤害
132,哪怕59出来了都还有大半秒的容错的，尝过压线深渊的基本都知道
133,主播看着英雄池十多秒没说话点了跟烟
134,一共打了5小时中间出去和家人吃饭2小时
135,崩3玩家都没你能凹
136,其实不算肝帝。开服玩家，慢慢玩也早就全图了
137,天生自抽号圣体
138,另立天地宇宙
139,啊？？？
140,第一次看到有人打原神深渊重开和打总力战一样
141,蒙德雷神是吧
142,赏心悦目
143,-
144,象牙塔！！！！！
145,6666666
146,正常在哪？
147,极限啊
148,这香班练度可以
149,这伤害比我高多了
150,几乎大部分都是送的
151,道友请留步
152,我香菱还不会放锅巴呢 咋办
153,《帕鲁》
154,+
155,死去的回忆疯狂的攻击我
156,埃洛伊得那天登录才有
157,啊？
158,开始rap
159,投币啦宝子！
160,卧槽！！！
161,卧槽！！
162,啊？
163,我抄 龙族
164,有5星一眼爽
165,怎么不像铁道可以下半重开
166,此时一个自信的小伙子登上了账号
167,奇怪 我好像看到59了为啥还是3星？
168,哈哈哈
169,这聚怪太帅了
170,死亡笔记啊
171,太牛了 这走位聚怪
172,[ohhhhhhhhhhhhhhhh]
173,。。。0命点秋香
174,脑部乘区
175,害新地图我第一天就慢了
176,我靠，能打这么快的
177,你不说我都没听出来
178,真技术主播
179,《高等元素反应论》
180,极限
181,nb
182,学医救不了深渊
183,讲话比出伤快
184,燃
185,怎么了，是不爱说话吗
186,woc极限
187,wocNB
188,上一把错轴了还能提（？
189,是不是找关注免费找一点探索度的主播
190,残局
191,00000 0000000000000000000000
192,芭芭拉在开服主线送了一次，后面更新了版本又送了一次
193,关于我一个技能就能秒的BOSS别人打了4分钟
194,不信再看看
195,画面静止
196,不是已经6.59了吗
197,极限！
198,逆天香菱
199,啥也不说了，这都凹的过去我TM直接三连+转发
200,bgm独角兽高达炒冷饭来的，但是挺好吃
201,这玩意比我那维打的还快｛是0命，而且还是小毕业
202,为啥我打的时候第二个技能总是那个漩涡
203,可能是活动送的
204,暂停是为了充能啊
205,送的北斗没有吗
206,获奖感言
207,缺多莉，估计退过一阵子
208,奥兹锅巴：这家没我俩得散
209,我靠，燃起来了
210,太极限了
211,龙族！！！！！！
212,上半银枝队，下半量子战舰（
213,还好有个点秋香
214,三连了，太牛了
215,俺也一样
216,孩子，你无敌了
217,耻辱柱
218,不打下来会掉伤害的
219,救命哈哈哈哈哈哈哈哈哈哈哈哈
220,哈哈哈哈哈哈
221,当当当
222,牛逼
223,我6金打不过
224,啊？
225,66666
226,蓟县！
227,拉满了
228,天才
229,号主这不上个舰
230,乐0命行秋
231,我妮绽放也一直用的芭芭拉  真不需要心海
232,四舍五入
233,太厉害了 做一件事情做到了极致  像你学习
234,是我看错了吗，香菱转一下两万？？？
235,他这才叫玩游戏
236,看uid100开头是开服号
237,太痛了
238,游戏理解拉满了
239,击坠记号
240,哈哈哈哈
241,氢氧根离子
242,啊？？？
243,不得不投币了
244,牛逼
245,这细节
246,熟练的让人心疼
247,牛逼
248,《策划》
249,这手法
250,龙
251,啊？
252,我之前就是这个队
253,[ohhhhhhhhhhhh]
254,蓟县！
255,WC！！！！！！
256,wocal！！！
257,好家伙，我uid25开头的全勤号都快60级了
258,我超，我以为我电话来了
259,这也没猫猫，应该断过，猫猫送过的
260,《满图鉴》
261,什么都没有抽，前面讲过了
262,4
263,[ohh]
264,[ohhhh]
265,我去，这么细，还好我是玩龙王和雷国的
266,菲谢尔咋不穿新衣服
267,你币有了
268,我只能说，牛逼
269,树脂直接从22打到104了
270,哈哈哈哈哈哈哈
271,帕鲁？
272,牛逼啊
273,你为什么不说话了？
274,woc太不容易了
275,开服才59级，这有啥肝的？我26开头都59级了
276,哈哈哈哈哈
277,折磨主播的账号 哈哈哈哈哈
278,原来这两只球会走路的
279,象牙塔
280,什么叫操作乘区？这就是
281,哇 居然有五星角色诶
282,全体起立！
283,啊？
284,《诛仙榜》
285,有一个活动送过
286,嘉明点秋香
287,理解力厉害
288,珐露珊国际=法国
289,相比于前两间，第三间的随便打
290,竟然比我玉米队打的都快
291,不应该有个草五星吗？
292,6
293,好家伙 四个后台脱手角色
294,极限了
295,我没看怪，没带弓箭手进去，硬等到它自己下来T^T
296,没有埃洛伊，没有瑶瑶
297,龙！
298,笑死我了
299,.123
300,牛逼
301,还能融两件
302,哪来的帕鲁
303,极限
304,一个肝帝遇到了另一个肝帝
305,受害者排行榜
306,普池来的
307,牛逼
308,前面那个，这叫练度不好？
309,我都不知道这个怪会走位。。。
310,龙族
311,第二层打满后退出换上皇女重打的
312,真的牛逼
313,我甚至不知道boss机制
314,辛苦了
315,我哥真帅！！！！
316,孩子你无敌了
317,无脑龙王
318,真托阮启动！
319,前面的不要ky，知道6+5真门对单薄纱65饮月吗[doge]
320,龙族！
321,练度就不够 角色还没有 做梦呢打深渊 我凯亚没buff一转7k（厨子
322,艾国
323,还有原始国家队
324,上半那两个最好有雷因为那俩玩意儿是草而且伤害极高
325,[ohhhhhhhhhhhhhhhhhh]
326,[ohhhhhhhhhhhhhhhhhh]
327,666
328,确实挺帅的uo
329,牛逼
330,上半饮月君，下半刃
331,开局西风弓是会送一把的
332,崩三同款暂停
333,象牙塔耶
334,没全100能叫顶级肝帝？
335,极限
336,厉害
337,牛批！！！
338,说明不抽，靠老角色没用，存在过气说法
339,唯有沉默
340,+
341,班尼特，行秋，香菱打一半
342,哈哈哈
343,++++++++++++++++++++
344,冻结护草
345,随时奉陪
346,我勒个痘
347,第二間琺姐應該是回頭凹滿的
348,西风弓箭过完蒙德主线会给一把
349,？？？
350,为什么没埃洛伊
351,挣扎一下，要吃饭
352,别说了，57级完全听不懂
353,我*牛*
354,真正的顶级手法怪！
355,我潮，龙
356,燃起来了！
357,上榜！
358,rapper
359,5
360,熟让痛
361,熟让痛熟让痛
362,熟让痛
363,666666666666
364,太痛了
365,5
366,我二周年后入坑的都60了
367,6666
368,咋没有埃洛伊
369,真的极限啊我都看到6:59了
370,哇哦，那你好厉害啊
371,运气好啊
372,哈哈哈哈哈
373,行秋可以锁一轮剑雨的面板
374,当时是把草种判定成怪物达成超高频率范围挂水，就是bug，你草种子算怪物？
375,g
376,强
377,厉害啊
378,火伤杯
379,笼族！！！！！！！！！！！！！！！！！！
380,咦怎么没有迪奥娜呢？我记得送过？
381,燃起来了
382,他点了支烟回忆从前……
383,这个怪的机制是啥呀？
384,全角色满级怎么可能痛苦呢？
385,x来一根哈哈哈哈哈
386,珐露珊：咱們真厲害
387,不同的环境掏出相同的万达。还有神里永冻(偶尔换一下队友)
388,好好好
389,屬於是把芭芭拉當妮露用了
390,太牛了哥们
391,我欣慰的笑了
392,妮绽放不能冻
393,牛逼
394,这才是游戏理解
395,全是送的
396,不错了，至少六星战神点秋香都有
397,老芭血条似曾相识(
398,夺少？
399,刃三次被动秒了
400,让我想起某吕氏春秋
401,他甚至没有一个岩系
402,蓟县！！！！
403,我去 活动武器和钓鱼武器和剧情武器的重要性啊
404,角色虽然没命座但是都养到极致了
405,看过第12位
406,我超，龙族
407,等着抽天理？（
408,这里用了一次露露，打满了第2层下半，后退出重新改配队不理第2层满不满
409,我开服四星打深渊也是这层最简单
410,字幕崩溃
411,质量简谱（）
412,我菲米尼也差不多这程度
413,卧槽
414,珐露珊怎么换城皇女了
415,香菱太淦了
416,牛逼！
417,牛啊
418,卧槽这香菱
419,这就是3.0t0大c芭芭拉！！
420,这就要靠高贵的手部乘区了
421,快成rapper了
422,量子战舰启动
423,载入史册
424,6
425,6
426,三连了
427,蓟县！
428,我打这条蛇 他就没有滚过地板
429,关注给了，原神区第三个 up 主
430,升华时刻
431,币给了，向你致敬，感谢你愿意凹五个小时。
432,也向号主致敬一下，真的佩服这么能囤的屯屯鼠
433,币给了，向你致敬，感谢你愿意凹五个小时。
434,主播辛苦了，三连
435,？
436,动帧格力
437,第二间结束就意味着满星了，棒
438,还有六百人啊
439,2333
440,比我三金队快，自惭形秽力（）
441,又疯了一个
442,你的沉默震耳欲聋
443,不仅很久没玩，而且中间很多活动不做
444,非静止画面
445,我试图把这个理解刻进脑子里
446,盲猜一手 他找代肝了
447,玩幻兽帕鲁玩的
448,牛批！
449,别搁这炫耀了……
450,蓟县
451,什么！莱依拉教官套还 16 级！
452,真是开服号码不是科技？
453,哈哈哈哈哈
454,好了，快结束，该换我接手了
455,这不是基操？
456,艾国队
457,怎么可能满命，都说0抽了。。。动动脑子
458,挺有意思的这号，我要有耐性我也开一个，只是现在没时间了
459,新地图满了的不就是肝帝吗
460,开服没满级的多了去了，原神到现在都不是60级占大头
461,蓟县！
462,厉害
463,牛
464,好牛逼
465,蓟县
466,专家会诊
467,来一首《all my  people》
468,10秒足够
469,牛逼
470,哪有小孩天天哭，哪有赌徒天天输。领域展开，坐杀博徒！！
471,看得出来，主包愣住了
472,开服早60级了
473,哈哈哈三个小时
474,笑死我了 真极限啊都59了
475,我也不知道我玩小缇的不知道什么是瞄准
476,非静止画面
477,卧槽 真的牛逼
478,嘶嘶嘶~，成分复杂，难评
479,确实是雷国啊，没毛病
480,帅
481,相声
482,你十七张牌能够秒我？
483,升华
484,就算打满对号主来说有啥意义 他自己都不想满
485,等等 深渊里面可以换人的吗？？
486,比我胡行钟和草行久都快。
487,看来有人没打过痛苦号啊，非常极限的59秒是算满星的
488,听不懂，我玩水龙的
489,我也开服玩家，也没满过星
490,？？你搞笑呢，第二次海岛240开头我就是，他110
491,见证历史了，兄弟们
492,龙族狂喜啊
493,此处非静止画面
494,-
495,可以的
496,666!!
497,刀子
498,这个就叫做有远见，等天理出来再抽
499,能不能看UID啊，UID100开头的，是2.4版本海岛之后注册的吗，能不能睁开眼啊
500,哈哈哈哈哈哈哈哈
501,？？？？？？？？？？？？？？？？？
502,牛大了
503,蓟县
504,三连了
505,新地图两天就全100%
506,6
507,御命三家其实可以的
508,普攻一万。。。。
509,去隔壁借一个弱点击破过来
510,《只原》
511,冻绽放是个啥？
512,但又不是，只有砂糖和珐露珊能扩散锅巴
513,啊？
514,哇龙
515,..
516,厉害厉害
517,我记得三点几版本的时候有送一次珐露珊
518,《 处 刑 名 单 》
519,那什么开服，埃洛伊没领吗。。。。
520,耻辱柱hhhh
521,自己看uid，开服玩家不代表开服玩到现在
522,我都60了，我也大不满
523,61秒游戏
524,一眼爽
525,什么是BOX？
526,帕鲁哈哈哈哈
527,牛逼
528,干沉默了哈哈哈哈哈
529,蓟县
530,珐露珊？
531,我感觉我现在强的可怕！！
532,牛逼！
533,蒙徳雷神也是雷神
534,战术蚊香
535,好快啊
536,这故事太励志了，我哭死
537,没诶罗伊？
538,开服大佬这样的都没满级的吗
539,在体术方面我斑愿称你为最强！！！
540,不算开服大佬  俄洛伊都没有
541,能满只是因为深渊很简单、
542,偷看武功秘籍
543,注意，丽莎阿姐883精通
544,怪打了两下超绽放种子打自己身上没绷住
545,深深推土机可以的
546,啊？
547,非米尼拿龙脊雪山的大剑伤害更高，这个非米尼不如我的
548,前面那个 我还觉得把人封神了不妥呢 打满了确实可以到此结束了
549,、、、、、、、、、、、
550,蓟县
551,44000
552,刺激
553,原来我是真的手残
554,暂停吃球
555,6啊，真的细节
556,哈哈哈哈哈哈哈哈哈
557,哈哈哈哈哈
558,啊这
559,菲米尼还是很好上万的
560,跟我芙特队差不多？
561,快乐星猫好评
562,我去都跳59了
563,啊？
564,我还要说这不是有手就行?
565,埃洛伊呢？？
566,不是六分五十九么
567,升华了
568,帅
569,澤野弘之的amazing tree
570,CPU烧了
571,66666
572,我产种子打自己
573,没有林尼特吗？
574,那为啥才59级
575,吕氏春秋
576,我趣好牛
577,主播默默点起了一只烟
578,这能打33星也是很有水平了
579,下半饮月君
580,"手多, 把人家歷史都鏟走"
581,hoooooo
582,卷卷有爷名
583,！啊
584,从22体力打到104体力
585,干沉默了
586,哈哈哈
587,牛逼牛逼
588,太牛逼了
589,投币了
590,牛逼牛逼
591,还牛逼
592,这号太太太难了
593,《帕鲁》
594,稳啦都稳啦
595,钓鱼的，太明显了
596,玩嘴的？
597,你在干神魔
598,极限
599,似曾相识
600,燃起来了！
601,赌徒
602,牛逼
603,要是打满有种破chu的感觉
604,种门（即答）
605,请问这怎么配队
606,沉默，是今晚的康桥
607,只养送的角色哈哈哈
608,确实，你拿这种极其痛苦的痛苦号要求别人，那就不应该羞辱别人的“无能”
609,卧槽蓟县！
610,这纯手法，你可以学
611,必须给赞
612,这算什么展示容错
613,我开服玩家也没埃洛伊，那段时间没上游戏，没想着领
614,面板都锁了还吃个毛辣椒，有这时间不如a两下
615,有点秋香，可以随便打（
616,这破号都能打，服了。
617,这种打法一眼小号，折磨深渊主播和小代的
618,厉害了
619,击杀名单
620,全角色90级
621,俄洛伊呢？》
622,好帅啊
623,bug了，59秒出来了
624,艾国
625,我打你（   ）
626,太强了
627,太折磨了
628,这是我在B站见过的最强手部乘区的深渊视频
629,还以为是赌徒的小曲，没想到是赌神
630,[OHHHHHHHHHHHHHHH]
631,[OHHHHHHHHHHH]
632,主角满命的！！！！（狗头）
633,(눈_눈)
634,天呐，撸你搁这背古诗呢？
635,全是活动送的角色
636,[ohhhhh]
637,天才
638,雷神不就是给点秋香充能的吗？
639,嘉明一边，种门一边还是有说法的
640,见过最牛逼的主播，三连了！
641,牛逼
642,你币有了
643,策划-烧鸡
644,帅！
645,帕鲁？
646,龙族？！
647,机器号吧！
648,法国队？
649,开服也没说满勤啊，谁说开服等于满勤
650,由于太简单，我还以为后面还会有一只，八分整的时候就直接退重开了
651,蓟县！
652,原来是打翅膀，我一直打眼睛，怪不得时间不够。。。
653,种门!启动
654,change your ID～
655,生死簿？
656,小万国
657,0
658,我去 生日和我一样
659,这不妥妥爽号
660,帅！
661,在卡塞尔学院屠龙
662,草体系就科莱 她的挂草能力很差
663,不是6分59吗？
664,崩三暂停有吃sp包，也有极限的卡伤害的作用
665,锅巴本身就i是一个类似于火把的东西吧
666,BGM是是什么
667,龙族动漫的op
668,哈哈哈哈哈哈哈哈哈这谁啊干得好
669,提前蓟县
670,武器鱼叉《54/189.1》
671,汗流浃背了吧
672,牛
673,埃洛伊呢
674,哇塞有点厉害
675,等等，下半这配队谁去打沙虫的球的，难道行秋可以？
676,啊？
677,锅巴nb
678,冻结算是提高生存
679,对群肯定种门首选
680,帅啊
681,我是用超载破的
682,厉害，游戏理解真的强
683,yys
684,nb!
685,细节点烟
686,牛逼
687,蓟县！！！！！！！！！！！！！
688,《雷》国
689,陪一根
690,up才是干帝，练嘴又练手。
691,点赞投币关注了
692,/
693,这是要抽天理吗（）
694,《来吧》
695,我去  好熟练的打boss方式
696,6
697,15W石头  开服3年就这么点？
698,耻 辱柱
699,耻辱柱
700,耻辱柱
701,耻辱柱
702,666
703,瞬间感冻了
704,主要是上半不到一分钟太顶了
705,哈哈哈哈哈哈哈
706,专家的诊断是无法治疗 哈哈哈
707,牛逼！！！
708,不是跳59了吗
709,肯定不是全勤  不然早60了
710,？
711,卧槽极限秒杀？
712,汗流浃背了
713,前方烫嘴高能
714,卧槽，我纳维娅0+1凝光香班队也就这个速度了
715,六
716,皇女没皮肤啊？
717,真极限了
718,热血高校哎
719,龙兽特别好打能瘫痪不钻地只要输出够而且不是第一次打很容易
720,？开服，还全地图满都没满级？
721,+
722,本地部署的单机版也能搞十五万原石
723,好强
724,好强
725,全角色90级
726,错啦，上半姬子黑塔，下半真理托帕
727,进度条不简单
728,这哪是痛苦号 明明叫乐子号
729,珐露珊活动送过
730,高速神言
731,哈哈哈哈
732,啊？
733,获奖感言
734,上班四金龙王队四十秒打完
735,节目效果有了
736,《至简号》
737,岂止封神，简直耻辱柱
738,科技号
739,自此，同行留下的耻辱牌匾被一剑斩断
740,神仙
741,脑子不够用了
742,四舍五入了
743,下次还来
744,下次一定
745,多嘉明了。
746,[ohh]
747,[ohhhh]
748,班尼特那里满命了，行秋普通攻击白色伤害没看见吗
749,你币有了
750,没有数值 全是手法
751,菲谢尔居然没有皮肤
752,[ohhhhhhhhh]
753,啊？不是差一秒吗？
754,13万等仆人
755,土块！！！！！
756,←你要承认有些人就是没有手法的
757,我魈法钟芙打12-2上半剩8分40
758,我这高练度的五星角色居然都不满深渊12层，好吧，果然还是我太菜了。
759,全部90级厉害啊
760,你币有了哈哈哈哈哈哈哈
761,看uid开服不是没可能
762,考试是吧？我从来不及格
763,败者留下名字
764,不知道打翅膀瘫痪的就很。。。
765,老弟，汗流浃背了吧
766,菲米尼带70级古华也能一万去一刀，练了就知道了
767,amazing trees，好评
768,感觉自己又行了
769,牛牛牛
770,看到这里点关注了，up牛壁
771,？？？
772,开服号 他埃洛伊呢
773,这行秋练度高呀
774,顶级
775,帅的
776,我也是没满过深渊
777,开装！
778,多莉送过，没领？
779,获奖感言没绷住
780,没有岩系
781,啊？这和我玩的是一个游戏吗？
782,还可以融一件
783,伤害都是香菱打的（误）
784,升华了
785,点根烟先
786,俄洛伊呢，不是开服号么，怎么没有俄洛伊
787,牛
788,终于赶上趟了  不容易
789,去把那个不完美的故事，变成你所期望的样子！再见了，琪亚娜。这就是，最后，一课了。
790,我笑死了
791,全是手法
792,全角色90哈哈哈哈哈哈
793,其实芭芭拉可以玩普攻
794,应该还有个瑶瑶啊
795,真法国配队
796,开服59很不正常，开服这个uid不退坑估计两年前就满级了
797,少了迪奥娜、北斗、辛焱、多莉，这些都活动指定送的
798,开服创的号而已，60寄都没满，和我说过开服一直玩到现在没断，谁信
799,开服的uid而已，我朋友晚一年玩，0氪也满级了
800,他甚至还在打双判
801,哈哈哈哈哈
802,妙手回春啊
803,埃洛伊都没有
804,怎么没埃洛伊
805,开服号没有联动角色埃洛伊？
806,种门+嘉明融化
807,6块钱交个朋友吧
808,精彩
809,牛逼
810,前方给我全体起立！现在这里是点秋香广场
811,没有埃洛伊
812,最轻松的一集
813,高速咏唱
814,《去把这个不完美的故事，变成你所期望的样子》
815,原人玩家
816,老米亏麻了
817,格局
818,主播一看一个不吱声
819,我真的第一次看到冰绽放……
820,哈哈哈哈哈哈
821,删了封神榜 视频也有记录，号主也能重新加回来，又不是融号了，这也急的人是玩O玩傻了吗？
822,暂停吃球思考
823,极限
824,新概念雷国
825,突然感觉练度高的人游戏体验不完整了，根本不知道这个球技能是什么
826,哈哈哈哈哈哈
827,啊一刀一万不是很正常吗(因为我也养他来着..?)
828,帅
829,稳啦！！！
830,哈哈哈哈哈还记录了下来
831,冻绽放？
832,?
833,《已有的知识》，这个号和就读熟了封面目录有什么区别
834,59了呀
835,《论减少完播率的100种方法》
836,开服开的号，刚开始玩？
837,有点像电竞解说，不错不错
838,当初可是为了抬妮露特定把芭芭拉的机制削的和描述不符
839,看uid
840,但冰水有反应
841,开服没满也算肝帝？摆烂玩家吧
842,初代国家队都组不满
843,牛逼
844,龙还会第二次起飞啊？我才知道
845,珐姐送过的
846,吼吼吼牛
847,毁灭吧
848,高手
849,为了不上榜 这主播也是拼了
850,0.5秒
851,来吧
852,哈哈哈
853,居然没有埃洛伊
854,雷国（香菱主c版
855,6
856,陪一根
857,点秋香要命座吧
858,等等等等风打风
859,我新地图出来三天内就满了
860,投币了
861,三万
862,大家注意角色面板练度算比较高了，别说号主摆烂了
863,爽！nb！
864,后面都是宝宝深渊
865,有冰有火，稳啦！
866,啊？半原人号？
867,格局啊，打破了封神，还不忘给同行捧场
868,《自己打了3星》
869,小学6年级参加高考了
870,下半万国青春版
871,逆天龙黑收收味
872,雷国青春版
873,蚊香点起来
874,钉在耻辱柱上
875,哈哈哈哈哈哈哈哈哈
876,新地图这么久还没满，还肝帝。
877,屯屯怪
878,你的币有了
879,还有容错
880,因为你不把它打瘫痪，它上天成功就会加抗性啊
881,猜对啦
882,上半点秋香，下半种门，
883,\
884,我只有，芙万香班可以比主播大得快，还要用40秒
885,烈绽放毒点是容易转火底燃烧
886,都被砌进深渊里了，哈哈
887,怎么这么厉害
888,牛逼
889,[ohhhhhhhhhhhhh]
890,流弊啊
891,这么能肝为啥还没满级？！
892,牛逼啊啊啊啊
893,这就是大佬吗？
894,哈哈哈哈
895,我现在见到了差距
896,流批
897,牛逼
898,小艾咪送过吗？
899,活动不是送了好几次行秋么怎么还是0命
900,封了十位了哈哈哈哈
901,卧槽！牛逼
902,送的五星怎么没有？
903,这号主怕是没怎么下过副本
904,说不出话
905,我的天哪
906,盲猜蓟县
907,笑死，这也算肝帝？肝帝难道不是更新一天就百分百的吗
908,抽象
909,《老八》
910,还是力大砖飞适合我
911,开玩笑不懂吗。。
912,发之前的树脂是22个，现在104个
913,ivory tower，我去年的年度歌单说我听了700遍
914,这能满？
915,龙族的op（直译象牙塔）ivory tower
916,太厉害了
917,珐露珊活动送过。
918,没埃洛伊是买的开服号
919,？
920,up你说实话你是不是本行是干解说的
921,投个币，精彩
922,起立，敬礼
923,……我突然觉得我有希望跟着up学习
924,我刷了这么多视频，up是我第一个见到打深渊配语音教导的……
925,6666666666666666
926,那也不算肝帝了，我更新后的一周内新图也满探索了
927,龙族！
928,鼓掌鼓掌
929,得亏送了个班尼特
930,呵呵哈哈哈
931,6
932,常驻也不抽？
933,这up好屑
934,厉害
935,真折磨啊
936,yys
937,6
938,不是这号打不满
939,珐国
940,这号上半能1分钟啊？
941,《至简号》
942,吉A陪一根
943,UP的沉默震耳欲聋
944,2000+的人出来
945,全角色满级，爽号啊
946,新手池没抽
947,12-3随便打，就前两的沙虫和铁虫烦
948,大佬的三秒，我的三秒
949,真的6
950,我第一次满星的时候也这样
951,极限
952,刚刚不是出59秒了吗
953,牛逼
954,封神榜终结者！
955,蓟
956,这种子量
957,开始吟唱
958,成都陪一根
959,我拿刻皇草才九分03。
960,前面的，班尼特怎么可能满命？
961,大妈呢，地平线联动送的大妈，我弃坑了我都有
962,皇女天赋给的九九十
963,[ohhhhhhh]
964,香菱真的是充能困难大户
965,前面班尼特满命的是在做梦吗，零抽号哪满去
966,牛牛牛
967,3小时 应该差不多50次了吧
968,bgm是龙族动画的主题曲，象牙塔
969,太极限了
970,不愧深渊推土机之名
971,我都是一只一只打的
972,汗流浃背了吧，小老弟
973,这聚怪 羡慕不来
974,我手机玩感觉不好瞄准
975,刚刚不是珐露珊吗
976,看进度条不简单
977,真就是汗流浃背
978,前面的，你是觉得把帮过你的人擅自挂起来好玩合适是吗？
979,我也觉得他退过坑，海灯节3年了，他应该只选了一个行秋，一个嘉明
980,有个满命五星可以了
981,珐国
982,开赋能没埃洛伊。。。
983,虽然我也不研究这些机制，但我看别人说过冰下藏水
984,一次都不抽卡是这样的
985,点赞
986,6666
987,开服玩家≠天天玩
988,不是的，有几期是12—1
989,老人与海
990,啊，种门
991,给个币回点体力
992,深渊还真是这样，我有一次59秒过了
993,虽然看不懂，但大为震撼
994,+
995,没有腐殖之剑
996,作弊作弊，明明都看到659了
997,做得好
998,比我2+1雷九慢了就20秒，牛皮
999,跟我魈珐芙班一样快
1000,蓟县蓟县
1001,活动送的自选
1002,哈哈哈哈哈哈
1003,爽号、
1004,恩，看不懂呢
1005,啊？
1006,芭芭拉给了两个
1007,你也快了
1008,离谱
1009,nb
1010,绝对不是开服一直玩下来的号
1011,oh
1012,开始吟唱
1013,你币有了
1014,哈哈哈哈
1015,香菱面板真好
1016,[ohhhh]
1017,看來深淵還是太簡單 
1018,埃罗依呢
1019,太强了
1020,哈哈哈
1021,跟月亮没关系，我也没用月亮，22年就60级了
1022,号主和主播一样牛皮
1023,完结撒花
1024,原神启动
1025,牛逼，投币了
1026,牛逼
1027,香菱双判玩的太厉害了
1028,完结撒花
1029,龙族！
1030,《葱郁》
1031,有徕卡极限
1032,xp原石
1033,号主真能屯
1034,强
1035,我去6：59卡的刚刚好
1036,真细啊
1037,你还能妮绽放不成
1038,没命
1039,不错了 有嘉明 一路简单多了
1040,哈哈哈哈哈哈
1041,'''''’‘’‘’‘’‘’‘’‘'''''''''''’‘’‘
1042,一杯茶一根烟，一个深渊凹一天
1043,好了，該我玩了
1044,还有个满命角色哟
1045,这必须要三联加关注啊，太离谱了
1046,开神速咏唱了
1047,哈哈哈哈
1048,6
1049,.
1050,自恋刑警的配乐，好评
1051,66666666
1052,好家伙
1053,帕鲁启动！
1054,突然大声
1055,《策划》
1056,6666
1057,我又觉得我行了
1058,《草抗》
1059,载入史册！
1060,芽儿哟
1061,比博燃
1062,超绽对单妮绽对群，赛道不一样你搁这>nm
1063,找时大夫了吗？
1064,求BGM
1065,极限
1066,以前做活动了，不是能领一只猫猫吗？
1067,极限
1068,不抽卡没什么玩的动力所以59不奇怪
1069,进度条告诉我没那么简单
1070,不是满命啊，你看错了吧
1071,战术点烟
1072,噔噔咚
1073,西风弓主线安柏送的
1074,牛批
1075,我的号可能拆两件圣遗物他都能随便打满
1076,不至于不至于，这两只比狗策划好打多了，狗策划我只认圣骸兽
1077,真牛逼
1078,见证历史！！！
1079,应该是退游了很久
1080,太牛逼了！太牛逼了！
1081,可惜只能投俩币
1082,没抽？这些是送的？
1083,666666
1084,没有迪奥娜？
1085,墓碑
1086,科技号
1087,香菱逆天班子
1088,牛逼牛逼，up让我知道了什么才是高玩
1089,牛逼
1090,哈哈哈哈哈哈哈
1091,龙族OP，泽野做的曲
1092,全是手法没有强度
1093,龙兽其实是血最厚的boss（这三间），但是由于没有钻地，多了很多输出时间，所以好打。
1094,哈哈哈哈
1095,老号不抽卡，圣遗物小毕业刷不出来吗
1096,明明都6：59了啊？？？
1097,看uid
1098,香菱面板太顶了
1099,我高考上600
1100,手法
1101,高燃
1102,挂在上面是其他主播（doge
1103,点烟了
1104,我就知道哈哈哈
1105,不慌不忙抽根烟你是在压惊吗哈哈
1106,我还有个朋友开服58级（）
1107,正片开始！
1108,有一些时候59秒确实不会变灰
1109,暂停吃球啊，什么增伤？
1110,艾国
1111,我记得多利也送过呀 为什么这个号没有 
1112,牛逼！
1113,看得出很不想上耻辱柱
1114,哈哈哈哈哈
1115,牛逼呀
1116,耻辱榜是吧
1117,我靠，燃起来了
1118,没弓也乱杀，种门！
1119,主播这一波帅呀！！！
1120,开服肝帝号现在才59？就肝探索度啊？
1121,说得好，下一期还是你来
1122,耻辱柱
1123,哈哈哈哈哈哈
1124,等级和氪金没关系，开服没满级就别尬吹了
1125,比我6金万达都快
1126,非静止画面
1127,tm绝对老登转世
1128,我正好反过来
1129,三崩子玩家哈哈哈哈
1130,咱蒙德自己的雷神
1131,那为什么还没60
1132,这个行秋面板也比我好
1133,这个香菱面板有点牛
1134,你等着我也囤囤鼠
1135,这面板不低
1136,应该是前年海岛之后的号？因为小艾咪没穿皮肤
1137,哇
1138,BGM一听就知道是泽野弘之的
1139,这是雷国啊
1140,结尾封神！
1141,点烟的手都抖了
1142,见证历史
1143,神
1144,帕鲁？！！！
1145,卧槽牛逼
1146,感觉不难，圣遗物正常点，我可以试试
1147,班尼特没满命啊
1148,[Ohhhhhhhhh]
1149,沉默是今晚的康桥
1150,班哪有满命
1151,星尘从来没换过？
1152,你三連有了
1153,唯一一把西风是蒙德主线打完风魔龙给的
1154,没五星武器确实难
1155,7个小时
1156,别念了别念了，我投币
1157,听到这个话我不自觉的站起来了。
1158,喏，这就叫专业
1159,节目效果不就来了？
1160,?????
1161,6
1162,yys
1163,太有意思了
1164,上面的，珐露珊是当时须弥版本末活动送的
1165,挑出每一间最适合的队伍，一次满三星，后面就不用这么极限了，为下一间留好技能
1166,下一轮没能量怎么办
1167,见证历史
1168,法国
1169,待机台词应景
1170,相对于之前的0.1s，3s确实很长
1171,放什么玩意儿？
1172,《撅我们》
1173,牛的！
1174,有水有草有时长，有点有香有站场，稳啦
1175,一个国家队冰火水，一个种门
1176,牛逼！
1177,10个墓碑哈哈哈哈哈哈哈
1178,有嘉明比之前的好打
1179,快去请花火来帮忙
1180,我真受不了这个老八
1181,牛B
1182,没瑶瑶
1183,现在是11-3和12-2了
1184,、
1185,想起当初第一次满星的时候了，哈哈
1186,国家队有了
1187,说话
1188,死亡笔记
1189,好快，只比我雷万香班慢十几秒
1190,nb
1191,全角色90级
1192,种们真牛
1193,升华主题
1194,这！能满！
1195,手法大师
1196,哈哈哈哈哈
1197,芭芭拉开服送了两个的
1198,芭芭拉开服送过两次，西凤风过完主线送的
1199,没抽过哪来这些人
1200,有那维莱特就会成为单选题
1201,牛逼
1202,耻辱榜
1203,牛
1204,牛逼
1205,点秋香跟万叶都是强的，前面的，不会玩别贬低行吗
1206,极限
1207,怎么没有野人（埃洛伊）
1208,太牛了
1209,赫丽娅:好了，画上完美的句号吧！
1210,下半可以用真理医生
1211,好活儿当赏
1212,熟练的让人心疼
1213,龙族！
1214,也不是不能打
1215,哈哈哈哈哈哈哈哈哈哈哈
1216,上半，一切尽在卡牌中，妈一直转，下半早餐晚餐，照彻万川
1217,包的呀牢弟
1218,活动全做的话芭芭拉好像送的就超过7只了
1219,没打满的还要钉上耻辱柱
1220,点根蚊香压压惊
1221,可以的
1222,怎么换了个队伍
1223,2！
1224,3！
1225,5！
1226,人物卡都是活动送的！
1227,有点东西啊
1228,嘶，xp是原石
1229,打鬼啊
1230,雷国没有雷
1231,啊？
1232,这个龙王两下就杀了，还搁那胡桃呢
1233,没办法，原神玩家手残，理解一下
1234,不是，全探索，任务都做了吧，那原石拿去干嘛去了
1235,深渊最难的一直不都是11-2和12-2吗？
1236,这些都是有送过的
1237,这是一圈墓碑吧
1238,帅！
1239,是不是只知道雷国啊？雷国上面还有万国呢
1240,时停了
1241,哈哈哈哈
1242,6
1243,哈哈
1244,6
1245,机制理解大师
1246,理好了
1247,up：坏了！我也要成封号斗罗了
1248,6666666
1249,这芭芭拉主c？！
1250,负重前行，不多言，牛掰
1251,为什么不选嘉明， 其实还挺强的
1252,6666666666666666
1253,牛
1254,说实话手法拉满
1255,是否怀念下半重开只打下半
1256,哈哈
1257,我也攒了10w原石深渊还满星
1258,？
1259,行秋没命？没领啊
1260,？蒙德雷神？
1261,主播：谢谢你啊好兄弟
1262,送的埃洛伊呢
1263,开服59
1264,23333333
1265,这深渊星数越来越少，看来难度还是有增加的
1266,厲害
1267,还有运用我们的钱
1268,真牛啊
1269,为什么你不说话了兄弟
1270,奥兹这么高充能？
1271,啥叫质检号
1272,好厉害啊
1273,一模一样哈哈哈哈
1274,好专业啊深渊战神
1275,牛逼
1276,三幻神都齐了还要什么自行车
1277,至少有个嘉明……
1278,傻眼了吧
1279,国家队
1280,老国家队是重云
1281,妙手回春
1282,墓碑（）
1283,懂了，嘉明应该是给这种号主设计的
1284,崩不住了
1285,卧槽！
1286,细节华子
1287,没雷神的点秋香废？笑掉大牙
1288,《随时奉陪》
1289,牛逼
1290,太帅了
1291,认可
1292,"我28开头都全探索,但是一发没抽我是真的服"
1293,极限
1294,是牛逼
1295,都是逝去的故人  哈哈哈哈哈
1296,你是我关注的第一个深渊主播
1297,nb
1298,极限
1299,6
1300,厉害啊
1301,深渊赌怪，石锤！！
1302,头盖骨胜负！
1303,第三间肉身聚怪和剧团本差不多，肌肉记忆了
1304,冷知识：2年左右0氪都能达到这样的探索
1305,没有迪奥娜呀？第一年的活动没做？
1306,只有送的角色
1307,哈哈哈
1308,上半对双只要聚好怪就还好，方差比较大
1309,前两层难，到这里已经赢了
1310,这是香菱在给行秋打工吗
1311,我满命大毕业胡桃只比他这个快十秒（
1312,黑子说话
1313,嘉明有先手挂火但是要等e容易乱节奏
1314,哈哈哈哈
1315,满门忠烈
1316,还好活动送了几个
1317,哈哈哈哈英灵殿
1318,新手池也没有，牛
1319,牛壁
1320,墓碑
1321,沃，好快的箭
1322,如果原能像铁一样 单单重开一半 就可以省不少凹的时间了
1323,没有埃洛伊，还不够质检
1324,拉满了
1325,还是个皇冠厨？
1326,他至少还给你火神
1327,哥们儿，冲你这个口播，我三连加关注了，就想问下，你是不是去德云社面试过
1328,看了眼进度条，我觉得这不是正确答案呢
1329,啊？！
1330,让我点根精神食粮再让我思考一下人生为何为难自己
1331,你那么大声干嘛
1332,开服大佬+肝帝为什么才59级
1333,没有皇女的皮肤吗？
1334,这么有点感人
1335,沙虫第一波有两个技能随机的
1336,这里锅巴打掉下面的一个球，百岁山重击无视高度轴扩沙虫身上的火打掉第二个球
1337,59那是开局的显示bug
1338,星星叫，红蜘蛛是吧
1339,蒙德雷神！！！
1340,确实是雷国
1341,厉害吗，凹几十次次你也行
1342,冻结护草！！！
1343,3秒啊
1344,去隔壁请卡妈和希尔
1345,看弹幕我发现新玩家还真不少
1346,珐露珊有活动送过的
1347,墓志铭
1348,真厉害
1349,牛，真滴牛
1350,6
1351,厉害
1352,都是送的，
1353,入种门，得永生！
1354,哈哈哈哈哈哈哈哈哈
1355,这么极限的啊
1356,而氪佬用钞能力直接满分
1357,必须投币了
1358,汗流浃背了吧
1359,推土机以自己为深渊主播正名doge
1360,[ohh]
1361,开服芭芭拉有送一个，
1362,唯有沉默，沉默是今晚的马斯克礁
1363,皇女：我，即断罪之雷神！
1364,甚至不用吃辣椒。
1365,顶级
1366,0氪圣遗物这么少嘛？
1367,耻辱柱
1368,草
1369,展示容错
1370,天才！
1371,说词啊！
1372,《高等元素论》
1373,主播你为什么突然不说话了
1374,一下炸出多少新人，这不是正常操作？
1375,见证历史
1376,！！！！
1377,冻绽放，利用冻结保水
1378,蓟县
1379,谁不是呢
1380,高速神言
1381,耻辱柱嘛这不是，哈哈哈哈哈哈哈哈哈哈
1382,也不算多群吧
1383,啊？
1384,给种子判定为敌方不是bug非说机制？
1385,厉害厉害
1386,这都59了
1387,0明香菱居然就能锅巴减抗？
1388,乐乐乐乐乐乐乐
1389,芭芭拉开服的时候邮箱送过，西方好像也有给过，但是不太记得了，因为很久的事情了
1390,第三件可以说是最简单的，主要是下半的boss
1391,败者留下车标
1392,下半的boss刚进深渊的时候，我把他们的招式全背下来了，不过后面不打了，也忘了
1393,甚至埃洛伊都没有
1394,真能忍啊
1395,全体起立！
1396,[ohhhhh]
1397,手部乘区直接炸掉天花板
1398,不如龙王一喷
1399,手部乘区直接炸裂
1400,可能海灯节换瑶瑶更好
1401,看看说明书
1402,97人都没哈哈哈哈哈哈哈哈哈
1403,原来是这么聚的
1404,卧槽极限
1405,两队轻松配起来的啊
1406,3崩暂停不是加伤害是sp包暂停可以刷身边吃sp包
1407,xp是原石
1408,上半伤害够吗
1409,要不是芭芭拉被削了直接薄纱
1410,来根华子先
1411,全角色90级
1412,这就是大佬吗
1413,啊？
1414,这也行
1415,啊？
1416,我都看到6.59了
1417,主要是这些角色几乎都没有命座啊（）前面说嘉明和丽莎的，这俩没命座能打但不至于无敌
1418,人麻了
1419,我地图上一个摩拉盒子都找不到
1420,高速神言
1421,就那个沙虫没打满
1422,最后这个主要是可以瘫痪，时间还挺长
1423,我都没有打满
1424,你直接把他榜给清了不就是
1425,开服两年我才开始玩   现在都快60级了   他这号是摆了多久啊。
1426,雷国？
1427,右下角看100开头，肯定是开服号
1428,我遇到这种号，直接就不打，折磨自己！以后各个都是究极摆烂，反正有主播帮打！
1429,《对轴》
1430,我上半四十秒就行，五命雷国，但是下半练度还不够
1431,肝满了竟然没满级
1432,原谅我 笑出声
1433,格局大呀
1434,太牛了
1435,注意看尾巴的火伤数字频率
1436,上半都是双怪，下半要有对空能力和短期爆发，明明上半饮月下半真理更好
1437,？？？
1438,这也不是开服号啊
1439,啊？
1440,只跟等级精通有关，伤害本来就不低
1441,老男人哈哈哈哈
1442,蓟县
1443,换我已经丢了…
1444,跟我手法大帝一个时间
1445,好好玩 早满级了
1446,哈哈哈哈哈
1447,幸好改了不然内鬼芭芭拉玩不了一点
1448,开服玩家没艾洛伊？
1449,一般
1450,还送过一个五星
1451,bgm：Amazing trees
1452,对群：指一波打两个
1453,哈哈哈哈哈哈
1454,怎么连重云搜没有啊
1455,上半银枝的那个，虚构叙事你给玩明白了
1456,温馨提示:四五星看练度，高比低差距也没那么大，不注意怪机制和操作，你比别人多多少个金也难补(无效金)，打不满也不要怀疑人生，因为可能你根本没有所谓沉没成本，追求不同，只是开心就很好了
1457,这手法真牛啊，学不来
1458,全部白嫖的角色！
1459,菲谢尔是雷系，雷国没问题（）
1460,至此，已成艺术！
1461,真nb啊这手法
1462,怎么才59级
1463,点个呼吸气抽一下
1464,必须三连
1465,让我想起了纯黑
1466,太牛了
1467,魈队上半很快的，我零命魈加满命珐上半也就三十多秒，up主这个速度还是很可以的
1468,啊
1469,梦回崩三
1470,我0散能凹进30秒但是要5星武器，老八要是不砍就好了
1471,不是练度不好，没抽过没武器没命座
1472,应该是比起人物更喜欢原石
1473,是暂停吃球，暂停的时候可以吸球
1474,行秋练度意外的有点低
1475,6
1476,哈哈哈哈哈
1477,牛逼
1478,沙虫这样是不是能吃好几段香菱的大
1479,6
1480,？
1481,战术蚊香
1482,啊？
1483,好家伙专家会诊啊
1484,满命五星角色
1485,红红火火恍恍惚惚哈哈哈
1486,给up上氧气罐
1487,满命草主吴迪
1488,真男人从不回头？
1489,[ohh]
1490,[ohh]
1491,全体起立
1492,蓟县！
1493,真*自抽号
1494,节目效果有了
1495,不如崩铁可以只重开下半
1496,抽了龙后好久没有这么痛苦了
1497,正片开始
1498,这不会差啊 伤害可以的
1499,墓志铭
1500,90级，有五星，超模（
1501,啊？这比我11金神鹤万心快
1502,我居然在想他为什么没真理医生
1503,6666666666666
1504,都看到59了
1505,woc卡的刚刚好一点伤害不丢
1506,蓟县！！！
1507,看了这个觉得我的号也能满了
1508,燃
1509,WC！！
1510,赣C陪一根
1511,太66666了
1512,牛
1513,不仅护草，好像还可以比普通的多产种
1514,蓟县！
1515,草
1516,其实上半也不能说两只两只，有宝可梦的，是4个一波
1517,这么极限的吗
1518,手法拉满了
1519,WC
1520,但是她全都90级诶 泪目
1521,把他原石抽了敢不敢
1522,可是雷国不也是点秋香吗？
1523,好眼熟啊
1524,这练度完全ok了，而且开服玩家圣遗物不可能差，那种摆烂的故意拿来给主播的一半视频也出不来
1525,最后被钉在耻辱柱上
1526,细啊，真细啊
1527,全角色满级，无敌
1528,6金雷国32s完事.主播有点实力呀!
1529,他圣遗物还是很好的
1530,之后典型是有人带的
1531,哈哈哈哈
1532,这两玩意真离谱，血厚盾厚伤害也高
1533,牛逼
1534,5
1535,这算是胡言乱语了么
1536,IVORY TOWER  好评
1537,种门!
1538,Xp是原石吧？
1539,卧槽卧槽卧槽
1540,吃葡萄不吐葡萄皮
1541,66
1542,埃洛伊没有，他真的错过了
1543,班尼特哪来的满命？
1544,这下不得不关注了
1545,第三间是醉简单的
1546,前面的，这班尼特一看也没满命啊？
1547,战功磊磊
1548,极限
1549,老登，还害羞上了
1550,双判神力！
1551,赌怪
1552,[ohhhhh]
1553,卧槽
1554,老芭
1555,第一次满星是找主播打的，当时抽了满命夜兰因为练度不够打不满，主播上来一间还能剩个30秒，实力还是可以的
1556,这号没限定，上半青雀下半丹恒
1557,老国家队
1558,哈哈哈，封神榜
1559,太强了，献上三连！
1560,哈哈哈哈哈哈哈绷不住了
1561,似曾相识燕归来
1562,[ohh]
1563,666
1564,芭芭拉送过一次好像是
1565,全角色90级！
1566,流水的主c，铁打的点秋香
1567,ivory fower
1568,我这也是3000多人看 
1569,哪里满命了？不懂别乱说好吗
1570,香菱没四命好短好难受
1571,还能融
1572,极限！！！都跳秒了。
1573,一队可以走种门的另一队点秋香国家队，配队是有的但是圣遗物没毕业打不过
1574,太强了
1575,终于知道为啥要打码了
1576,马奇诺防线
1577,12-3感觉最轻松
1578,这应该练度很高才对的
1579,求此处bgm
1580,冷门四星养到这个程度，佩服佩服
1581,刚刚瘫痪打的话可能会触发龙兽的减抗
1582,想当年老巴还没削的时候 冻绽放天女
1583,大道至简
1584,地图全满不抽卡也没帮助啊 纯纯痛苦号
1585,我草，100开头UID
1586,哈哈哈哈
1587,逆天
1588,我们是玩低配版的原神  你们是玩高配板的原神   就不是一个层次
1589,然后就有了奥数这玩意
1590,龙王秒了
1591,专门刷个号来挂路灯 还真肝出来了确实牛批
1592,混入其中
1593,班尼特火伤杯
1594,《原人ProMAX》
1595,前面的那个10金夸张了吧，我2金造价差不多这个时间（流泪）
1596,up太逆天了
1597,[OHHHH]
1598,NB
1599,全体起立
1600,妮露绽放白嫖版
1601,人才啊
1602,666666666
1603,前几下固定，后面就随机了。
1604,你在说丘丘人语吗救命哈哈哈哈哈哈
1605,[ohhhhhhhh！]
1606,平a104，离谱
1607,还有个五星角色 很不错嘛
1608,最后一间肉眼可见的轻松多了
1609,我猜猫是一命。
1610,什么钢棍解师傅啊……
1611,真的没开加速？？？？？
1612,难绷，幸好没走
1613,省流，结尾绷不住了
1614,太帅了！
1615,获奖感言！
1616,很强
1617,明明是零命班，火附魔都没有怎么就满命班了，迷惑弹幕
1618,四舍五入，小子
1619,点秋香一队 第二队有点晕。。
1620,此时应该有BGM
1621,送的
1622,甚至跳秒！！
1623,退吧
1624,当初可是为了抬妮露特定把芭芭拉的机制削的和描述不符
1625,[ohhhh]
1626,珐露珊跑了啊
1627,66666666666666666
1628,深渊不是有手就行吗？哈哈哈
1629,极限
1630,逆天香菱
1631,哥们唯一想看的冻绽精通不给看是吧
1632,省流：谁扛得住啊！
1633,蓟县
1634,？
1635,沉默是今晚的康桥
1636,好家伙
1637,好好好，皇女国家队
1638,太TM燃了
1639,拉满了拉满了
1640,啊？
1641,混色雷国确实是万能公式
1642,太强了
1643,耻辱柱啊
1644,开服到现在才59？
1645,《雷国》
1646,行秋柯莱皇女组个低配草行久，然后香班加珐姐拐琳妮特
1647,“帕鲁”
1648,高贵的手部乘区
1649,受害者名单
1650,BGM太燃了
1651,非静止画面
1652,13下半简单
1653,炸裂
1654,极限！
1655,可爱捏
1656,开服应该有埃洛伊吧。
1657,纯爽号 随便打
1658,哇，我看不清了
1659,怎么还有嘉明
1660,00.
1661,学废了，我还是用回我的水龙王吧
1662,龙！
1663,封神榜删了，但是视频留下来了（笑）
1664,这就是高贵的手法区吗
1665,老战场了是吧!(^O^)y
1666,居然有个满命5星，强度超标了
1667,老芭冻绽
1668,打到现在可以了，接下来给我玩
1669,龙王：你继续说
1670,五秒还是太短了
1671,冻水比水本身多与草反应一次
1672,主包是解说吗
1673,一眼种门和融化嘉明两对
1674,这伤害比我强
1675,有嘉明啊
1676,如果老八不削
1677,哈哈哈哈哈哈
1678,已经开始爆笑了……
1679,这个行秋也很厉害啊
1680,蓝球都不抽？
1681,蓟县！
1682,IVORY TOWER记住是龙族！
1683,汗流浃背了
1684,币有了
1685,厉害了
1686,这里的BGM是啥啊
1687,行秋主c我是没想到的
1688,40秒内足够上办。一年的老咸鱼最近这几期才满神源。加上之前那几期
1689,我都是直接龙王开喷
1690,埃洛伊不代表开服就一定有而是必须在PS上有登陆绑定过PS的账号才会获得
1691,点秋香宣传片
1692,掀桌，这打个毛呀(>_<)
1693,哈哈哈哈哈哈
1694,？
1695,《象牙塔》好像
1696,太痛苦了
1697,我来
1698,练度应该还行，90级
1699,我新地图也满了
1700,全是送的还没有五星
1701,up心态太好了
1702,蓟县
1703,玩过冻绽放的就能懂，爽的一批，就是手法要求高
1704,开服玩家就一定满级什么神仙思路
1705,牛逼
1706,比我满命神里快
1707,太牛了
1708,无它，唯手熟尔
1709,还再下两件圣遗物
1710,wc
1711,炸的好爽
1712,芭神！
1713,开服59级？一周上两次号是吧
1714,还能再融掉一个圣遗物
1715,满命了吧这伤害
1716,哈！
1717,蓟县
1718,全90级，yys
1719,3千多人正在观看？
1720,哈哈哈哈哈哈哈哈哈
1721,班尼特满命？眼睛有问题？
1722,角色全部90级这不是爽好
1723,手法拉满
1724,省流：这谁扛得住啊？乂……
1725,牛批
1726,牛
1727,土块
1728,这技术真不错
1729,666
1730,比我草国快，牛哇
1731,对呀，开服玩家不等于从开服玩到现在
1732,666666666666
1733,牛牛牛
1734,辛苦了
1735,西风主线送的
1736,这得凹多久啊
1737,ivory tower！
1738,极限！
1739,666
1740,100开头的绝对是开服的了
1741,哈哈哈哈
1742,没错！主播牛啤
1743,牛啊
1744,太强啦，靠大招启动的角色我都没敢打下半
1745,还好挺多的
1746,芭芭拉的水珠都有用  这是被逼到了境界啊
1747,普攻物理伤害，前面谁说满命班的？
1748,点秋香都有，这不是托托的爽号
1749,啊？？？？
1750,全场MVP老芭
1751,耻辱榜是吧
1752,哪来的班尼特满命？
1753,崩铁遥遥领先，重开只需要打一间
1754,确实在吃饭
1755,学到了
1756,那不是耻辱柱吗？doge
1757,种门是这样的
1758,出院！
1759,我记得活动送过云瑾吧
1760,蓟县
1761,活动送什么我就有什么
1762,种子看的是精通！比双暴击可靠多了
1763,都不舍得抽一个小草神！可以百分百确定这个号主就戒毒了
1764,脑部乘区拉满
1765,这语速
1766,哈哈哈哈哈
1767,上半嘉明
1768,至少不是原人角色
1769,下期还找你
1770,我来！
1771,玩了这么多年  天赋怎么就没点满呢?
1772,没女仆，就是说新手池也没抽？
1773,策划：半个月以后我等你
1774,《充裕》
1775,我夜兰，芙芙，万叶，九岐忍这个点打完，up挺快的了
1776,燃起来了！
1777,片尾的彩蛋成功让我两个币要掉了，解除了封神，再次封神
1778,满星消失时间应该是6:58，有小误差
1779,看了，我不适合这游戏
1780,逆天！
1781,蓟县！
1782,哈哈哈
1783,哈哈哈、
1784,好家伙一颗都没抽 
1785,啊？
1786,我现在强的可怕（自我）
1787,没有吧？水管我花了1天5个小时诶……也不算太肝吧
1788,6666
1789,强啊！
1790,璃月自选应该要个瑶瑶
1791,为啥不吃掉落的辣椒呢，看不上加的那点攻击？
1792,《火扩散破邱》
1793,封神了！
1794,颤抖的手点燃一根香烟
1795,戒过毒
1796,'
1797,['}{}['
1798,10开头的就是开服号，应该退过
1799,bgm上！
1800,埃洛伊呢？
1801,起立！！！
1802,''/;/'
1803,666
1804,牛哇
1805,牛啤！！！！！！
1806,明显少了不少的免抽角色，估计中途有几个活动没做
1807,“什么号59级没打满”
1808,←那你别玩妮露了，丢人
1809,nb
1810,你币有了
1811,？
1812,超級好笑 是恥辱榜吧 給同行公審了
1813,哈哈哈哈哈哈哈哈哈哈哈
1814,只有卧槽送上
1815,我选择雷九、
1816,牛逼
1817,嘿  封神榜还真是这样用的
1818,残害同行
1819,都是活动送的我哭死
1820,估计这人故意的，拿小号恶心主播
1821,全是活动送的角色…
1822,是辣椒他吃了辣椒
1823,龙兽上天会打你啊二臂
1824,上半那维莱特，然后下半用那维莱特补星
1825,同样是鼠标键盘，有人吃鸡，有人落地成盒。。。。。
1826,全是送的角色
1827,奥兹瞬间就可以切走，因为q对一个目标只会生效一次
1828,这是耻辱柱()
1829,啊？
1830,种门就好在无视元素属性，无视距离，随便乱炸
1831,跳59，但是第三颗星还没暗
1832,珐露珊先辈呢？
1833,牛逼
1834,获奖感言是吧
1835,北斗送过都没有？
1836,甚至没有诺艾尔
1837,活动是一个不拉，抽卡是一球不花
1838,非静止画面
1839,全是送的
1840,这是甚莫武器？怎么没见过
1841,逆天
1842,一眼就能满了 . 国家队 . 低配种门 . 前辈和嘉明都能C
1843,全角色90打不过~？
1844,让我看BOX就知道了
1845,1300攻击
1846,全员90级！！！！
1847,说话啊
1848,扁担宽扁担长
1849,第二间可以先没打满，然后后面再打满
1850,不说了，开转！
1851,卧槽，ID100开头
1852,没砂糖吗
1853,都没满级，玩了个der
1854,？开服大佬全探索居然还没有60？
1855,爱罗伊来？
1856,此时无声胜有声
1857,至少有嘉明
1858,咬牙切齿（怎么就不下卡池）
1859,哈哈哈
1860,有单秋香
1861,确实强
1862,别吵，我在思考
1863,草种子救了你啊
1864,芭芭拉送过三个，应该是退过坑，不然应该二命的
1865,哈哈哈哈哈哈哈哈哈哈哈哈
1866,不知道冻绽放的回去重修高等元素论
1867,上半姬塔下半卡黑，一遍满
1868,比我3金全毕业队伍还快
1869,难绷
1870,牛逼
1871,全满级，一眼爽
1872,啊？
1873,你的沉默震耳欲聋
1874,全是活动免费送的
1875,哈哈哈哈哈
1876,nb
1877,你币有了
1878,666
1879,听不懂，我玩大宝的
1880,上半2只2只出的  严格来说也不能说对群
1881,这不比博燃？！
1882,蓟县！
1883,成分复炸
1884,深渊主播质检员
1885,哈哈哈哈
1886,失败的man  榜
1887,别龙族了，泽野！
1888,666
1889,别让甘地得到铀！
1890,放炮了
1891,俺也一样
1892,哈哈哈哈哈哈哈哈
1893,埃洛伊呢
1894,我新版本开服3天新地图100%，我还是摆烂的
1895,哈哈哈哈
1896,总不能精通必修一就上高考吧
1897,6
1898,我开服玩家都60级两年了，从来没买体力
1899,主打一个白嫖
1900,《雷国》
1901,哈哈哈哈哈‘
1902,点一根笑死我了
1903,都说了没有抽卡啦
1904,卢本伟牛皮！！！
1905,比我3金打得快啊
1906,啊？
1907,点秋香加种门
1908,不是满命啊
1909,草
1910,哈哈哈哈哈
1911,送迪奥娜的时候没玩吧，可惜了
1912,太有实力了
1913,xp原石       可以理解
1914,老芭
1915,我：不考了
1916,行秋水管54/144，充能267
1917,极限
1918,香菱鱼叉54/184，充能233
1919,暂停是为了吸球啊
1920,让我想起了被圣骸兽支配的日子
1921,凹一晚上吧
1922,岂止封神，简直耻辱柱
1923,这是他自己有毅力攒到现在，还是比较值得尊敬，正常抽卡故意就算了
1924,点秋香带鸟
1925,有没有一种可能这个不是无派蒙？能做活动的
1926,种门接纳了你
1927,鸟国
1928,用送的真理醫生阿，掛負面後打的賊痛
1929,.
1930,考验游戏理解
1931,挂专家号
1932,明明是鸟国
1933,那龙王就是小抄是吧 （doge）
1934,那我还是上榜吧
1935,时大夫真是妙手回春啊
1936,你就说拉没拉满吧
1937,够极限的
1938,这个号不够纯粹，正常情况下应该是2命芭芭拉2命皇女自选里月4位还有dio娜
1939,直接上说唱
1940,我五个限定五星都打不满深渊，结果你告诉我一群四星角色给打满了！
1941,啊？
1942,诶之前不是松果北斗吗好像，稻妻刚开的时候
1943,哈哈哈哈哈哈哈哈
1944,二金，万叶+公子/芙，属性够就够每个上层凹09：30
1945,666
1946,对你不自信啊，留不得
1947,为什么不是59
1948,因为你过了
1949,说比妮绽放快的说明你练度不够，圣遗物还得刷，要么就是配置太低，
1950,有点秋香，爽号
1951,《一闪而过的竭泽》
1952,太帅了
1953,nb
1954,没有送的迪奥娜？
1955,5
1956,卧槽
1957,为什么不打草体系队伍
1958,哈哈哈哈
1959,万北草久9分04
1960,你确定这练度不好？
1961,帕鲁
1962,666
1963,4个副c
1964,经典
1965,《至简号》
1966,还以为自己手机响了 emmm
1967,点秋香一路，种门一路
1968,大家给这位天才点个赞
1969,我也开服号，也没埃洛伊
1970,雷指的雷属性就行
1971,好厉害
1972,开服大佬都60级多久了？59算什么
1973,我觉得我不行了！
1974,妮露雷国青春半
1975,你这天赋不去读博可惜了
1976,旅行者：我这黄框是不是有点咋眼
1977,沉默是今晚的封神榜
1978,完美复刻
1979,牛逼
1980,“4星也能打满”
1981,送的
1982,帕鲁
1983,熟悉的让人心疼
1984,全员90级 这不爽号嘛（
1985,第二间过了，基本满了
1986,见证历史！！！
1987,感动了，三连了
1988,泽野发力了
1989,哈哈哈哈
1990,还剩几秒，还可以带个低等级圣遗物
1991,哈哈哈哈
1992,燃起来了！
1993,6
1994,菲谢尔时装都没，肯定不是
1995,练度可以啊
1996,开始升华
1997,哈哈哈
1998,强度党是这样的（
1999,开服玩家那埃洛伊呢
2000,哈哈哈
2001,哈哈哈
2002,那没办法了，只好被看不起了（
2003,这怎么会满不了，剧本吧
2004,中间断过吧，没有瑶瑶
2005,不是开服号吧
2006,对对对就是这个号，看别人打过
2007,绷不住
2008,这个过了3星稳了
2009,没埃洛伊？
2010,雷国？
2011,6
2012,不知道暂停加伤啥意思吗，这里有老实人
2013,12-3下是最好打的一波，有弓随便杀
2014,号主有珐露珊啊
2015,全员满级满命？感觉似曾相识doge
2016,活靶子啊
2017,真假厨子说
2018,第三间是送的，上半妮绽放下半夜兰水神打完还剩8分50
2019,后面就改成封谁过了（不是
2020,埃洛伊现在没送吗？
2021,活动免费送的吧
2022,泽野弘之做的曲
2023,最难的一间过去了，第三间乱打都可以过
2024,好
2025,国家队 := 点秋香+1，雷国 := 1==雷神
2026,100的含金量
2027,你不是说“随时奉陪”么？(狗头
2028,这句“随时奉陪”带来了片尾的彩蛋hhh
2029,啊？？？？？？？
2030,啊？
2031,这号不但不抽卡，还痛苦，练度不行
2032,我去，还有水管，果然够肝的
2033,礼貌：你芭芭拉吗
2034,老八
2035,咋没声音了
2036,6
2037,哈哈哈
2038,芭芭拉20级就送
2039,这操作挺正常的
2040,龙族op
2041,为什么不能是代肝呢
2042,下一个上榜的就是你了
2043,太强了
2044,你的沉默震耳欲聋
2045,第三间基本一次过，就是第二间烦
2046,埃洛伊怎么没有
2047,牛啊
2048,陪一盒
2049,4399
2050,暂停思考
2051,笑死
2052,配一个
2053,太极限了吧
2054,.
2055,amazing tree
2056,给你三连了
2057,不用抬，别人已经拉满了
2058,《帕鲁》
2059,埃洛伊呢？？？
2060,我是玩了没十天，地图已经探到的基本百分之50以上，没想到还有高手
2061,这针不戳
2062,愣住
2063,败者留下姓名
2064,锅巴扩散破球太强了
2065,没抽到雷神之前，我以为皇女可以代替，也是这么玩的
2066,大概率只是买了个开符号
2067,哪里来的帕茹
2068,有点东西
2069,秋秋居然只有三根剑
2070,6
2071,？？？？？哈哈哈哈哈哈哈哈哈
2072,比我二命草神还快！
2073,牛的
2074,单  机  模  式
2075,牛逼哈哈哈哈哈哈
2076,牛逼
2077,4
2078,妹妹打完轮到哥哥
2079,外币外币
2080,歪比巴卜
2081,少主bgm加持，还不过？
2082,下路走种子把下限拉满
2083,哈哈哈哈哈哈哈哈哈哈哈哈
2084,班尼特嘉明行秋一路无敌，就看下路
2085,有嘉明已经够了
2086,牛逼！！！！！！！！！！！！！
2087,牛逼
2088,种门
2089,就这些？
2090,班尼特？香菱？行秋？
2091,原始人
2092,打不满，会被钉在他世界的耻辱柱子上
2093,牛啊
2094,送了那么多次角色也不领吗
2095,佛了那你知道啥
2096,66666
2097,还有平民真正的神教  种门
2098,你玩的是宝宝巴士，主播玩的是黑魂
2099,6，这角色有点少啊
2100,厉害上了原神耻辱柱了
2101,难道这些角色全都送过吗？
2102,妮露队强啊 XD
2103,应该都是一命角色
2104,不是不是，你欺负我听不清！帕鲁和绿色召唤师是啥！
2105,种门圣女
2106,牛逼！
2107,妮露队对群拉满【dog】
2108,BGM呢？
2109,龙族！
2110,专家会诊笑死
2111,蓟县
2112,下半激绽放
2113,wc牛b
2114,12层满星就150原石。少三颗就只少50。没有三百。。。
2115,不是满命
2116,你们妮绽不至于1万多的种子伤害吧。。
2117,噔噔咚
2118,西风弓是主线你打完风魔龙之后送的，10级那个是试做斩岩
2119,4.0那个枫丹第一个活动给的就是班尼特啊……
2120,至少练度高
2121,极限十秒！！
2122,嘉明不错的
2123,太虐了，我都是靠大力拍砖
2124,开服号没有埃洛伊 那只能说明那两个版本没玩。。。。
2125,哈哈哈哈哈哈哈哈哈哈哈
2126,蒙德雷神国家队(doge)
2127,别问，问就全是白给的
2128,卡痰了，他卡痰了
2129,牛蛙
2130,戒过毒
2131,我要把你，砌进马斯克礁里doge
2132,时间还很充裕
2133,换琳妮特带风套减火抗不大得更快？
2134,多莉呢多莉也送过
2135,值得关注
2136,上半跳秒了
2137,我十万dps的玉米队都没打进九分钟。。。
2138,最后装个壁
2139,有什么难办的，开抗性会飞的，射下来就行了，这纯纯木桩子
2140,角色都是活动自选的
2141,666
2142,甘地
2143,等等 好像比我伤害还高
2144,[OHHHHH]
2145,主要是我五星角色也不少
2146,什么珐国配队啊
2147,逆天！
2148,话说原来没送过砂糖吗，有砂糖的话会好很多
2149,这期算是强度比较低的了
2150,其实58秒都还是3星的
2151,[ohhh]
2152,[ohhhh]
2153,阿爸阿爸阿爸
2154,干沉默了
2155,[OHHHHHHHHHHHHHHHHHHHHHHHHHHHHHHHHHHHHHHHHHHHHHHHHHHHHHHHHH]
2156,第一次出来的时候是随机，后面才一样
2157,剩下只剩手部乘区了
2158,汗流浃背了
2159,买个号一段故事就行了
2160,我开服玩，两年前就60级了
2161,还行吧这期又不难
2162,哈哈哈嗝血泪史
2163,原神高玩
2164,这打的全是理解
2165,耻辱柱
2166,6.59怎么会是满星？
2167,开始升华
2168,我超，龙族!我以为我来电话了
2169,666
2170,啥都没有
2171,手在前面飞，脑子在后面追
2172,上半两个球草抗很高
2173,你的沉默，震耳欲聋
2174,6666
2175,这种故意整活的好吧
2176,牛逼
2177,顶级手法，请收下我的币
2178,练度不好？你看看面板再说话
2179,像这样的号一般主播都是说句打不了就下了
2180,哈哈哈哈
2181,前面说的太夸张了，我跟你一样，打完是9.16
2182,牛逼
2183,开服玩家两年前就满级了
2184,蒙德雷神
2185,lbwnb
2186,拉满了
2187,减伤拉远射弱点啥啊
2188,偷看功夫秘籍
2189,这个怪除了鸡哥妙脆角就是最好打的了
2190,《全角色90级》
2191,有嘉明，妥妥爽号
2192,1k5攻击皇女，感觉练度也不行啊，还是说堆充能去了
2193,蓟县！
2194,nb
2195,开服肝帝才59级？还是地图满探索？应该前面退坑过很长一段时间吧
2196,看不懂，但大为震撼
2197,怎么没有多莉
2198,就是扩散破沙虫啊
2199,这踏马何止是戒过毒，家里开戒毒所的
2200,前面说班尼特满命的，看不到白字吗
2201,辛苦了
2202,军火展示
2203,嘴都冒烟了
2204,班尼特哪里满命了
2205,他这号都没抽过卡，哪来的满命班尼特，这是零命的
2206,教科书级！
2207,10金队离谱了啊
2208,为啥有班尼特？
2209,菲谢尔皮肤都没有？？？？
2210,6
2211,暂停是为了吃球吧
2212,感觉我的号好像有希望
2213,你戒过毒吧
2214,.0
2215,好了，你的名字也可以上榜了
2216,芭芭拉一个重击四千，不过都不重要了
2217,uid是开服啊，肯定是小号，可能只肝活动不打每日委托，不到60级也合理
2218,你为啥了能换队伍？
2219,這個秒A秀
2220,逆天语速
2221,【‘-【-【-【-【【’【‘【’
2222,擴散爆彈
2223,哈哈哈哈哈哈哈哈哈哈
2224,甚至还有容错
2225,有点秋香  草主艾米芭芭拉稳了
2226,开服号肝满地图才15w原石？我0氪小号出绫人的时候才开，up池加常驻大约抽了400发，都有12W原石，全地图平均探索度不足40%
2227,肃然起敬
2228,哈哈哈哈哈哈哈哈哈哈哈
2229,读秒读慢了！！！
2230,怎么没有真理医生？
2231,哈哈哈
2232,荣耀加身
2233,冻绽放，原理是冰护草
2234,牛
2235,真就一抽不抽，全是白嫖的是吧
2236,全体起立
2237,哈哈哈哈
2238,经典第二间时间最长
2239,那 維 萊 特
2240,cup过载了。
2241,班不是吧？班圈里e很短的两秒一下
2242,hhhhh
2243,可以打啊
2244,龙王就是学霸
2245,牛批
2246,这虽然是开服号，但是是从稻妻开放才开始玩的
2247,蓟县
2248,体力细节！
2249,“雷国”
2250,这是要抽天理？
2251,？？？6分59秒给他满星了？？？
2252,其实第二间比第三间难
2253,开服玩家不等于从开服玩到现在
2254,汗流浃背了，
2255,握草
2256,过了前面两间，第三随便打
2257,哈哈哈哈哈哈哈哈哈哈
2258,香菱练度是还不错，不过算不上很高
2259,我还差三个五星角色，满角色。这什么机子我都不知道
2260,哈哈哈哈哈哈哈哈
2261,汗流浃背了
2262,开服大佬到现在应该60了吧？而且还是肝帝，怎么是59级？
2263,牛逼！！！！！！！！
2264,牛逼！
2265,极限
2266,太6了
2267,汗流浃背了吧老弟
2268,哈哈哈
2269,真准备打满？
2270,投币了
2271,活动自选四星有次送珐露珊的
2272,你们这么玩，深渊还是太简单了~
2273,没办法了 只好上榜了
2274,太强了
2275,手部乘区拉满
2276,？
2277,白嫖者
2278,加油
2279,全员满级强度拉满
2280,0抽这个太夸张了
2281,芭芭拉:你礼貌吗？
2282,哪来的雷国
2283,哈哈哈哈哈哈哈哈哈
2284,升华
2285,还能再舍弃一把武器
2286,666
2287,看着自己的几金队沉默了
2288,…当年万达被这个东西折磨到能非常熟练一次射掉
2289,4.0活动送的班尼特
2290,？？这伤害！！！
2291,都还没满级怎么可能是开服大佬呢
2292,明显是小号
2293,有弓箭，随便破减伤
2294,夺少？
2295,小艾米雷国
2296,牛逼
2297,太强了
2298,我8金万达队也就比这快十几秒【】
2299,感觉他退了好久游 
2300,我去满命草主
2301,牛
2302,四舍五入的吧
2303,这都过不去只能说明mhy深渊难度设置过高！！！
2304,好！
2305,牛逼
2306,这两东西也配叫策划？
2307,所以抽6+5=直接把答案给你
2308,烈绽放容易杀敌一千自损八百
2309,起码他能打赢副本和周本
2310,暂停捡充能很难理解吗？
2311,??
2312,全是送的
2313,新手池给的吧
2314,香菱爆率太低了，70/150伤害能更高
2315,国家队还是那么有含金量
2316,都封神榜了肯定不是自己肝的啊
2317,蒙德雷神
2318,瑶瑶了
2319,既然龙兽瘫痪不打伤害，为什么不让龙兽直接上天？
2320,打出我妮绽放的速度。。
2321,哈哈哈哈
2322,龙族的象牙塔
2323,老六呢
2324,开服大佬怎么才59级？
2325,藏了
2326,死得邦邦硬
2327,我5金雷国40s搞定诶
2328,墓碑
2329,策划你不要动，我来动就好
2330,币有了
2331,多少原石
2332,极限掐秒
2333,59是可以满的，因为原神判断满星是根据服务器那边的计时，而不是我们看到的计时器
2334,66666
2335,封神榜？耻辱柱！
2336,开服玩到现在59级跟我说顶级肝帝？
2337,比起看配置 我更想看他的原石数（doge
2338,珐国配队
2339,6666
2340,封神榜（划掉），耻辱榜（确认）
2341,练度还可以
2342,开服号没埃洛伊？
2343,其实慌了，这边稳一点是可以7分过的
2344,又来极限卡秒了
2345,所以混色的雷国就是万能公式？
2346,嘉明和草
2347,我六十级半年了才堪堪打过深渊2次，后来就没满过了
2348,这要是正常练度不是随便打
2349,主播都没急，你急了？↑
2350,皇女也锁面板吗
2351,蕾姆了
2352,对啊，不应该有埃洛伊吗？
2353,真不明白这种人的脑回路
2354,你的沉默震耳欲聋
2355,开服甚至没有埃洛伊
2356,不抽卡又不是不刷圣遗物，老东西圣遗物应该都是齐的
2357,牛逼
2358,这个练度对0抽号其实还可以了
2359,说班尼特满命的怕不是看不到行秋刚刚在班尼特大招里打出物理伤害
2360,暂停加伤害是崩3的梗
2361,学到了）
2362,过了第二间第三完全没问题了
2363,0抽号，甚至应该是c0班
2364,开服号才难全勤，不经常关注原的动向，没拿东西很正常，这个号主看起来退了很久
2365,戒过毒是这样的
2366,上半白送的黑塔，下半白送的真理义父。完美
2367,原绽放啊
2368,好的听君一席话
2369,59还肝帝
2370,别想太多，多半是号主在整活罢了
2371,牛逼
2372,开卷考（确信）
2373,点蚊香
2374,恭喜又一个倒霉蛋主播入坑
2375,好活儿，当赏！
2376,怪一直可以打反应
2377,哈哈哈哈哈
2378,看完之后不想回坑了哈哈 养生玩家实在不愿意动脑
2379,才发现怪也会打超绽放！！！
2380,极限
2381,来自手残党的肯定牛逼
2382,确实，感觉第三间比第二件好打，主要是沙虫空窗不熟悉伤害丢失严重
2383,厉害厉害
2384,这不你说的么
2385,仅比我三金万达少10秒
2386,就是，自己没本事，还要献祭主播。主播亏死
2387,什么烂号
2388,旅途的意义
2389,冰耗水护草？
2390,测试游戏极限是吧
2391,冻草会多一颗种子
2392,牛逼！
2393,暂停的时候充能球是会飘，可以节省时间充能
2394,啊？
2395,还好啊
2396,精彩的表演！种门牛逼！
2397,非静止画面
2398,啊？？？？
2399,主播真的不容易
2400,芭绽放
2401,摆阵法是吧
2402,你认真的 专武海哥9分多好吗
2403,666
2404,埃洛伊呢～
2405,差0.1秒
2406,时大夫妙手···对不起···走串场了~
2407,开服才58，那不是三天打鱼两天晒网，而是3天打鱼20天晒网
2408,好久没用脑子打深渊了，有点跟不上了
2409,《两只策划》
2410,我觉得我行了
2411,开服号你没埃洛伊
2412,芭芭拉开服送过一只
2413,获奖感言
2414,他蒙了
2415,牛逼
2416,我的发
2417,真的极限
2418,展示容错
2419,一支足球队
2420,牛逼
2421,这就是每个角色都精养的含金量，资源溢出了
2422,痛到窒息
2423,这么处变不惊。。要我都要急死了
2424,无从下手
2425,加个锤子伤害，是吸能量球
2426,？
2427,6
2428,66666666666
2429,芭芭拉有活动送过一个
2430,太帅了
2431,烈绽放直接把自己烫死
2432,上半琳妮特点秋香，下半草主科莱丽莎芭芭拉种门
2433,真的一点也没了
2434,牛逼！！！！！！
2435,就啥也没有是吧
2436,指龙王
2437,手部乘区拉满了
2438,《来吧》
2439,啊？
2440,无敌闹麻了
2441,旅行者，你这里是否怀念开拓的时光？
2442,阿巴阿巴
2443,极限
2444,艾米国家队呗，还能是啥
2445,一分钟上半  我不敢想
2446,笑死带着帕鲁哈哈哈哈哈
2447,氪佬自带答案，满命满命满昏
2448,老八
2449,菲静止画面
2450,没迪奥娜
2451,不对 他不抽卡哪来的班
2452,托马打火机阿。
2453,这是谁的五星武器
2454,这怪不是固定技能顺序么
2455,凯亚a这个两千，说实话练度看起来还可以
2456,我小号都探索的7788了这还开服号很懒的吧
2457,太燃了
2458,失败者联盟
2459,已经开始笑了
2460,好，升华了
2461,这一层胡桃队掉下来一套多点就死了，属于最简单的一层
2462,相信这是个质检号了，质检深渊主播的。
2463,6
2464,厉害
2465,最简单的一层
2466,深渊刚到6.59打完是算满的
2467,？？
2468,哈哈哈哈
2469,这不妥妥的爽号？[doge]
2470,去把这个世界，变成你期望的样子！
2471,戒过毒吧
2472,啊？
2473,耻辱柱
2474,珐姐怎么没了？
2475,一支香烟，一次深渊，一具尸体（）
2476,龙族
2477,前面不是前辈的么 咋变皇女了
2478,埃洛伊呢？
2479,雷国……雷是什么？？？
2480,满命个锤子
2481,卧槽比我妮绽都快
2482,菲米尼物理队+点秋香三人组，有满的条件
2483,策划：6
2484,草主很强的
2485,这号主一直免费让主播白打，以后会不会被拉进所有主播黑名单
2486,666
2487,埃洛伊捏
2488,居然有一个5星！
2489,无想的一鸟
2490,请道友上榜
2491,班尼特怎么可能满命
2492,牛牛牛
2493,没多莉，看起来也不是每天登陆吧
2494,夏沃蕾哥阿忍一样老米不舍得送的。。。
2495,蚌埠住了
2496,不抽的话，武器怎么拿呀
2497,天才啊
2498,抒情的小调
2499,钢棍谢师傅
2500,珐国队
2501,一杯茶一根烟，一个深渊凹一天
2502,666
2503,哈哈哈哈
2504,龙族
2505,100开头确实是
2506,这家伙戒过毒吗
2507,.....咬打火机了
2508,？比我草神强不知道多少
2509,我草好燃！！！
2510,一眼爽
2511,两手一摊
2512,比我快是什么情况
2513,哇哦
2514,明仔＋凯亚，草国。。稳了
2515,那我期期用雷国岂不是公式做题了？
2516,深渊可以理解为小数点后四舍五入
2517,八成找代肝探索的
2518,姥爷
2519,一看就是没有学高等元素论绽放的拓展
2520,烈绽放容易玩死自己
2521,[ohhhhh]
2522,危
2523,这就是绽放，妮绽放上半20-30s解决
2524,没有联动角色，太纯净了
2525,冻绽放原理就是原绽放，冰草确实不反应
2526,你们这么菜的嘛，我上半30秒就打完了
2527,像极了我3.5打沙虫的时候…
2528,[ohhhhhhh]
2529,笑死
2530,《去把这个不完美的故事，变成你所期待的样子》
2531,66666666
2532,哈哈哈哈
2533,不对呀，是不是少了个五星艾洛伊？
2534,烈绽放不主流是因为妮绽放
2535,来一颗
2536,绝了，就这还能打打12层，我摸鱼60级0氪不肝都不碰12层（欸嘿）
2537,开服玩家一年多前就满级了
2538,耻辱柱哈哈哈哈哈哈哈哈
2539,+
2540,怎么没有猫猫 猫猫以前活动也有送的
2541,蓝球不会也没动吧
2542,真的毅力大帝
2543,牛逼啊
2544,哈哈哈哈哈哈哈哈哈哈哈哈哈哈
2545,此时一个自信的玩家打开了原神
2546,今天直播就到这了
2547,Amazing trees
2548,什么专武海森能到8分档啊，你把圣遗物扒了吧
2549,封神榜~耻辱柱
2550,什么鬼熟练度。。
2551,很好的号，让我的大脑停止转动
2552,激绽最好不要带冰，但烈绽必须带冰
2553,6
2554,耻辱岛是吧
2555,别极致了，这练度只能算小毕业
2556,小艾米，你先别吵，我思考思考
2557,555555555555555555
2558,笑鼠  好强
2559,点蚊香
2560,全90级，一眼爽
2561,熟悉的阵容
2562,四舍五入的
2563,芭芭拉是最早送的四星吧
2564,十位同僚：啊米诺斯
2565,人家是不抽角色不是没有练度
2566,好了，可以给我玩了
2567,59级不抽角色不抽武器体力全拿来升练度的
2568,np
2569,我去这草种看着真舒服啊
2570,极限
2571,抽象
2572,锅巴最聪明的一次
2573,精通香菱能打烈绽放
2574,都开服59级了，没有埃洛伊很正常吧，我也一样，问就是那时候退邮了
2575,这就是在拿别人取乐
2576,开服0抽15w原石，肯定不是全勤的
2577,NB啊！
2578,前面的，凯风快琴的视频里讲了冻绽放的逻辑，可以防止草被反应玩好像
2579,珐奶奶送过的
2580,中头奖咯！
2581,嘶～
2582,有问题？我俩开服号一个59一个57，任务不做、地图不探，加上退邮没满级不很正常吗
2583,好！
2584,冻绽放的种子会多产几个
2585,哈哈哈
2586,冻绽放可以打出更多种子
2587,能换人？？
2588,这手法没谁了
2589,结尾彩蛋，投币了
2590,传统结尾升华
2591,管他对群对单，我大力飞砖。
2592,开服号怎么没埃洛伊
2593,错了，三天打鱼两天晒网也60了
2594,挺好
2595,1.1皇女，深渊香菱，3.0和深渊柯莱，主线芭芭拉，3次海灯节自选，4.0琳妮特，4.2菲米尼，还有3.x的莱伊拉
2596,结束了
2597,龙族主题曲
2598,龙珠主题曲
2599,6
2600,这速度跟专武海森差不多了
2601,哈哈哈哈
2602,我不知道啊，我玩宵宫的
2603,没抽过卡，都是送的角色
2604,五十九级大概是因为月亮没用
2605,龙族的IVORY TOWER
2606,沉默 沉默是今天的璃月港
2607,如果没过，你就是上面的一个了
2608,《胜者的演讲》
2609,肃然起敬
2610,刮痧哈哈
2611,站着是因为怪要站起来了，一套爆发时间不够
2612,没有烈绽放的打火机啊
2613,有没有可能，我说可能啊，科技
2614,哥们量变引起质变，这号这些角色有啥练度可以说
2615,技术真的不错，我只能痛苦深渊
2616,暂停吃球，小子
2617,菲点秋香
2618,主线会送西风弓
2619,生死簿点名是吧
2620,冻结护草，让种子达到上限自己炸吧
2621,也就是比原人好一点
2622,中途退游了肯定是
2623,全角色满级，这不妥妥爽号！！
2624,全角色90级，一眼爽
2625,象牙塔
2626,那就上班银枝下半点刀（）
2627,IVORY TOWER
2628,就刚才那右边，就可以证明是实况解说
2629,都跳59了！
2630,这个人不是满勤的开服号 系统不只送这几个角色
2631,我3命高练雷国上半也差不多这个时间
2632,这人肯定有主号，这个号就是专门用来调戏主播用的
2633,开服没断过的肯定60了
2634,冰草可以保水
2635,有点燃啊
2636,西风烈弓是冒险等级10级送的
2637,你这什么启示，我开服58级中间游戏，你能怎么的？
2638,一听就是泽野的歌，直接上泽野歌单找就行
2639,刚刚12-2下半是珐露珊这次12-3下半变成皇女了
2640,第三间反而是最简单的
2641,没有埃洛伊吗？
2642,uid100是开服号
2643,不抽卡班尼特怎么可能满命？星辉都没有，就记得活动送过一两个
2644,沉默，是今晚的康桥
2645,现在有冻绽放了？冰草不是无反应吗
2646,1002确实开服
2647,满命皇女？爽号！
2648,[ohhhhhhhh]
2649,别别别 
2650,耻辱榜
2651,我留这币有何用
2652,太燃辣!
2653,南无阿弥陀佛
2654,发露山是哪个活动送的，从出到现在我记不得有送过？
2655,烈绽放很猛的
2656,7:21!还有余力~
2657,6:59.6还是算7:00的
2658,下半可以芭芭拉柯莱丽莎皇女玩种子
2659,没埃洛伊
2660,你干嘛，哎哟i
2661,开服玩家的话为啥没有埃洛伊啊
2662,这样才59？
2663,开服玩家都70级了，还59级
2664,这不太对吧，每年过年都有送四星角色，他不选几个草系的，不选瑶瑶
2665,开服一定60级，不抽卡也60级，中间肯定有段时间退游了
2666,1：35s！强
2667,无妮露纯草种都这么强？？？
2668,一发不抽怎么可能有满命班
2669,汗流浃背了吧
2670,这个雷国居然还多对空能力
2671,载入史册
2672,凹啊
2673,牛逼
2674,啊？？？瞄一次就打下来了，这就是熟练度吗
2675,啊？？？
2676,卧槽？这能打下来的我不知道
2677,帅！！！
2678,《充裕》
2679,表示有的确实基本操作，破boss弱点这个，阿b的知识up很多的，都会和你说说机制，学会了就会打了
2680,启动启动全部启动
2681,太极县了
2682,应该只是不愿意凹
2683,wc
2684,只能说这号恨不得有个久岐忍（）
2685,香菱面板非常强，但是人家不抽卡养得比一般人好也不奇怪
2686,其实点秋香加种门真可以
2687,卧槽极限
2688,这么极限
2689,怎么没有埃洛伊
2690,额，这期和上期本来就宝宝巴士，只要练度不是低的可怜的，他这号应该草激绽都行只不过抢角色。。。
2691,音乐一出就知道是秒5，刻进DNA
2692,刚开始没看懂up为什么骂人，然后退出来看到这个备注会心的笑了
2693,帅！
2694,请问有人知道背景BGM音乐是啥吗？
2695,人家不抽卡你猜体力都干嘛了？肯定得有练度的呀
2696,乐死我了
2697,活动有给过珐露珊
2698,这个只是角色少，练度够了还是能凑个满星的
2699,没有埃洛伊，怎么肥四
2700,双判定太帅了
2701,牛逼
2702,太强了
2703,哈哈哈哈哈
2704,比我雷国快
2705,（西风弓）一发没抽过
2706,这波打完龙兽必定起飞，你丢技能反而会浪费伤害，不站着还能干嘛？
2707,这种操作还真不难，这沙虫移动路线是固定的，提前预判弱点位置丢锅巴真不难
2708,那个冰女人没有
2709,国家队还是猛啊
2710,蓟县预订
2711,太厉害了笑死我了哈哈哈哈
2712,承认人家厉害就这么啊，你行不行，你行你出视频，不行就闭嘴
2713,那为什么才59级啊？
2714,这个打弱点也太极限了
2715,哇
2716,牛啊
2717,龙族好评
2718,长见识了
2719,前面的，深渊读秒器有误差。
2720,主要抓住锅巴喷火的时机扩散减火抗比较难得
2721,那你就看不起吧
2722,666
2723,《战术丶蚊香》
2724,来吧》
2725,肃然起敬！
2726,种门
2727,《雷国》
2728,人家就啊了一下你急啥？
2729,坐大牢
2730,这玩意开减伤就难办了
2731,这正常操作
2732,有个夏沃蕾就好了
2733,梭哈！、
2734,邮件？
2735,4399
2736,这号主我估计抠门的够狠
2737,这一关倒是不急
2738,开服号竟然连埃洛伊都没有吗
2739,伤害全是香菱双判打的，不容易啊
2740,啊？
2741,西风是完成蒙德剧情最后对话安柏送的
2742,哈哈哈哈哈哈 、、、】、
2743,帕鲁是吧
2744,开服全探索就15w原石？
2745,帅
2746,还是别奉陪了，太惯着这种人了
2747,没有埃洛伊
2748,求主播安柏单通哈哈哈哈
2749,只有靠3.0大C救一下了
2750,这震耳欲聋的沉默哈哈哈哈哈
2751,前面谁说的满命班尼特
2752,哈哈哈哈哈哈哈哈哈
2753,种门伤害是真的高
2754,开服俩芭芭拉
2755,啊？？
2756,珐露珊去哪了，不是珐姐开始的吗
2757,这下半不是带珐吗
2758,什么耻辱柱
2759,开服玩家才59级，图还没满，算摆了
2760,上半和我三金龙王队一样快
2761,？？？？？？？？？？
2762,我草这个思路！
2763,？？？？
2764,天才！
2765,哈哈哈哈哈
2766,6
2767,我没抽草神每期深渊主角都和科莱上场
2768,三连击（嗯嘛啊）
2769,好好好
2770,哈哈哈哈哈
2771,拉满了拉满了
2772,太强了
2773,…啊…我空，额，包揽了我56级及以前的所有深渊…
2774,这资源含量爷应该拉满了
2775,快又准
2776,封神榜是吧？
2777,深渊斗者
2778,鸟国明显强点
2779,埃洛伊呢
2780,种门yyds
2781,还能融
2782,草主充能不够的话建议qe（命座2）
2783,太6了
2784,开服号的话，埃洛伊哪去了
2785,开服号不是应该有那个女人嘛
2786,不是原人你应该谢天谢地
2787,珐国队那个你别跑
2788,主播又不欠你们
2789,开服59，不对劲
2790,好家伙，还是个崩三舰长。崩原双修
2791,《右边》
2792,心机之蛙一直摸你肚子！
2793,珐国队
2794,啊？这伤害？
2795,啊？
2796,怎么没有真理医生（）
2797,开服大佬免费角色也没领啊
2798,原来怪打出超绽放会锁角色吗
2799,啥玩意？实况解说吗？
2800,我虽然刮，但我刮的快啊
2801,hhhh
2802,策划没绷住
2803,戒毒号主
2804,原神让你玩明白了
2805,啊？
2806,好丝滑的连招
2807,啊？
2808,全员90级，这不是爽号?
2809,还是不喜欢听你把芭芭拉叫作老芭 难听
2810,联动不是送了个五星吗，人呢
2811,开服59怎么了吗？开服就一定要满级吗？？？
2812,种门？
2813,蓟县
2814,就说厕所怎么堵了，原来是up拉满了
2815,全角色满级
2816,真滴6啊
2817,真不记得啥时候给过火神了
2818,哈哈，这是主播克星
2819,233
2820,第三间是送的
2821,都有给奥这些角色
2822,真正的极限
2823,跟我妮绽放差不多真的离谱
2824,蓟县跳秒！
2825,59？
2826,就是凹
2827,出了59了  还能满
2828,别人只是不抽 圣遗物材料都应该有在刷的练度也都是999除了没上皇冠
2829,33星那个已经很强了
2830,质量检测
2831,知错不改是吧
2832,卡点了
2833,哈哈哈哈哈哈哈
2834,这号没什么知识
2835,好快
2836,看UID100开头不是开服是什么
2837,66666
2838,啊？
2839,燃起来了
2840,激化看起来能杀
2841,细啊
2842,老八的种
2843,开服59不挺正常
2844,我第一次见主角上场
2845,woc
2846,币有了
2847,匠心！
2848,战术蚊香
2849,[前方高能]
2850,太强了
2851,可我都看见6分59了啊
2852,怎么才59？
2853,跳秒了
2854,满命个集贸啊，没看见没染火？没碰过卡池哪来的满命
2855,[ohhhh]
2856,太帅了这里
2857,确实厉害
2858,这个香菱练度很高的
2859,（咬牙切齿）
2860,居然和我单人1+1龙王 一样的速度
2861,金数决定伤害
2862,全勤早满级了，而且开服全勤的话不止这么点石头
2863,智检号
2864,你吼那么大声干嘛
2865,是我就攒着等关服
2866,10金比这个慢你要好好练练了
2867,我都看到跳出了6.59
2868,UID都100了还不开服？
2869,6
2870,原石厨
2871,封印的封
2872,策划麻麻登场
2873,全是活动角色
2874,这号养的还可以啊
2875,要是海灯节拿个重云就好了，国家队
2876,这打的了？
2877,珐露珊有一次好像送过
2878,这是献祭仪式（确信）
2879,唯有沉默
2880,还是有白字的
2881,零抽号怎么可能是满命班
2882,6666666
2883,作弊啦
2884,确实恐怖。。大毕业香菱
2885,牛逼
2886,牛哇
2887,极限59秒
2888,牛逼
2889,终极屯屯鼠
2890,嘴皮子要冒火星了
2891,终极大仓鼠
2892,比我雷国快十秒
2893,土块
2894,←怎么的？我开服id1000开头，现在58差一点59
2895,刚刚都看见跳秒了咋还是满星
2896,这下舒服了！
2897,我的妈，太能凹了
2898,深渊直播质检器
2899,太凹了
2900,汗流浃背了
2901,而且还是开服号
2902,这三百原石不要也罢
2903,看错了，不是满命，锅巴喷的，233
2904,我完全没动脑子，直接拿龙王喷死了
2905,小丑登场
2906,是不是开服你们看不见uid么
2907,龙兽其实没啥好说的，带了弓就是纯把子
2908,牛逼
2909,点秋香一直是神
2910,香菱爆伤比我高
2911,辛苦了
2912,好歹有个五星哈哈哈
2913,三连
2914,舌头发烫了
2915,剩三秒，有提高
2916,10金还快？蒙德原始人或没有适配度吧？
2917,过于痛苦
2918,光一个没满级就不可能是开服肝帝
2919,少量的角色，极至的练度！丝毫不比五星差！
2920,用嘴输出增伤
2921,笑死我了
2922,战歌起
2923,少一下都不行
2924,赞美种门
2925,少一下都不行蒙德雷国
2926,战术点烟
2927,牛逼
2928,wc
2929,牛逼
2930,极限
2931,法姐活动有送忘记了吗
2932,你币有了
2933,珐姐活动有送
2934,全员满级
2935,墓志铭
2936,真正难的是全勤 全探索一般吧 59级不好说
2937,午B，给我1000原石我也不打。
2938,哈哈哈哈
2939,666
2940,帅
2941,rapper
2942,牛逼
2943,是我我已经绝望了
2944,60级的我也没打满过
2945,龙族，好评
2946,该我玩啦
2947,我自己号我选择上半对单下半对群
2948,蓟县
2949,这就是大佬的时间观念
2950,已关注!太6了
2951,啥角色不抽，拿头打
2952,极限
2953,芭芭拉好像送了2个
2954,纠缠之源单推人
2955,活动送的，
2956,蓟县！
2957,nb
2958,全靠嘴输出
2959,牛逼
2960,建议大家开二倍速，听
2961,我操，这么凹
2962,3连了！
2963,常驻的吧珐露珊
2964,笑死
2965,66666
2966,..4
2967,这香菱的圣遗物……得有多好啊
2968,最多一年半
2969,西风剑好像是主线送的吧…忘了…很久远的事情
2970,最多一年多
2971,埃洛伊呢？
2972,是…难点全在2层
2973,策划:看来深渊还得上强度
2974,送的
2975,三连了三连了
2976,老芭冻绽比肩妮露
2977,蒙德雷国
2978,抽烟的手，微微颤抖
2979,这就是点秋香，开服时期最强的三体机制!
2980,啊？
2981,不好就没视频了
2982,woc我得坐起来跟他打
2983,压力上来了
2984,没抽就算了，练度还不好
2985,强
2986,白大夫也没满吗？
2987,我8金魈队和up速度差不多。。。。
2988,这草球比起流血狗和出生兽还是太拟人了，当不起这两个字
2989,蓟县
2990,埃洛伊?
2991,新地图我也是100%
2992,真牛啊
2993,都是冒险等级送的
2994,强啊
2995,珐露珊 活动阿
2996,少一个送的5星冰弓叫啥来这我忘了
2997,帅
2998,《充足》
2999,拉满了 都堵了
3000,自信哥
3001,这都能过，已经没有不能过的了
3002,帅
3003,升华了
3004,4399欸
3005,不是鸟国？
3006,极限
3007,咱可以整个慢动作的，舌头不累么
3008,瑶瑶呢？
3009,6
3010,抽根烟冷静一下
3011,给up上氧气罐
3012,蓟县
3013,全体起立！
3014,沉默震耳欲聋。。。
3015,只会哪里亮点哪里的人一脸懵逼
3016,开始血压飙升了
3017,NB
3018,o这试卷妥妥幼儿园级别
3019,看到这，我觉得你闭着眼都能玩我的号
3020,雷国（指蒙德雷神）
3021,没抽说明没命座
3022,开服59级？？？
3023,耻辱柱
3024,珐姐之前活动有送
3025,强
3026,跳59了也是三星
3027,前面珐露珊哪来的那个，珐露珊送过一次
3028,3.没有下落拐 
3029,2.风系角色减火抗很麻烦 是不选择嘉铭的主要因素
3030,智减号
3031,你猜猜他有没有其他号？
3032,但凡策划送了一只小鹿，也不至于那么艰辛
3033,墓志铭
3034,好厉害
3035,膜拜
3036,二间满了三间白给
3037,我呆住了。
3038,6
3039,雷国不就是点秋香带雷神吗
3040,逆天老8
3041,我感觉我缺氧了
3042,珐国！
3043,新概念雷国
3044,这么快瘫痪
3045,NB
3046,[OHH]
3047,充裕
3048,冻绽放加鸟国挺好的
3049,6
3050,上半种门，下半融化？
3051,这
3052,这种号给这个主播多来点
3053,都跳六分五十九了。居然过了
3054,凹！还能凹！
3055,强强
3056,啊？
3057,6
3058,你让一个小学生考大学的试卷，现实吗？
3059,我都看到6：59了，但是mhy还是给了三星，真的我哭死
3060,牛逼的话术看得我好激动
3061,点根烟冷静一下
3062,一模一样
3063,龙族！
3064,哇，龙
3065,牛批
3066,6
3067,蓟县！
3068,哈哈哈哈哈哈哈
3069,wq 龙
3070,蓟县
3071,庆典与慧业活动给的
3072,太酷啦！
3073,雷国的雷是奥兹是吧，，，
3074,他重开了好多次才赌上的
3075,耻辱榜
3076,居然不是香班
3077,珐露珊哪来的
3078,六
3079,龙族
3080,在现场笑死了
3081,在现场
3082,点根蚊香压压惊
3083,突然激动
3084,满探很难吗？
3085,啊？
3086,牛
3087,肃然起敬
3088,都蹦出59秒了
3089,有实力的
3090,6
3091,up上半的手法太牛了，果断关注三连
3092,极限a
3093,讲个笑话，上半打的比我龙还快
3094,蓟县！
3095,什么手法到这里还有40e
3096,佳明行秋够用
3097,好家伙，没有加速，这么快的嘴吗
3098,你的沉默震耳欲聋
3099,好家伙
3100,5
3101,5
3102,5
3103,太酷力
3104,5
3105,5
3106,5
3107,5
3108,5
3109,5
3110,5
3111,5
3112,5
3113,5
3114,5
3115,5
3116,居然没有北斗？稻妻不是送过吗
3117,居然没有北斗？我记
3118,5
3119,5
3120,5
3121,5
3122,5
3123,你三连有了
3124,5
3125,看攻略玩的都会觉得打不过
3126,5
3127,4
3128,5
3129,5
3130,5
3131,集显
3132,5
3133,5
3134,这次深渊第三间是最好打的
3135,5
3136,1
3137,5
3138,5
3139,5
3140,4
3141,5
3142,5
3143,5
3144,2
3145,香菱面板太强了
3146,1
3147,5
3148,5
3149,5
3150,逆天
3151,哈哈哈
3152,5
3153,1
3154,干的好！
3155,好！
3156,片尾有彩蛋
3157,5
3158,你永远可以相信种门
3159,5
3160,从容
3161,5
3162,5
3163,蓟县
3164,太帅了吧
3165,这打断是真神
3166,5
3167,5
3168,5
3169,5
3170,5
3171,5
3172,4
3173,5
3174,5
3175,5
3176,哈哈，种子全被怪抢了
3177,没联动那个角色，差评
3178,5
3179,5
3180,有嘉明，以后送的角色再多些打体系应该可以满吧
3181,5
3182,5
3183,5
3184,5
3185,卧槽
3186,两字策划好评
3187,5
3188,5
3189,5
3190,5
3191,5
3192,还有个五星
3193,5
3194,5
3195,5
3196,5
3197,5
3198,5
3199,5
3200,3
3201,5
3202,5
3203,自己打不过让主播打还嫌弃主播打不过，笑死
3204,5
3205,5
3206,5
3207,5
3208,5
3209,5
3210,5
3211,5
3212,5
3213,5
3214,5
3215,5
3216,5
3217,哇！
3218,5
3219,牛
3220,5
3221,5
3222,5
3223,5
3224,5
3225,5
3226,reaper
3227,他甚至还站这，发了会儿呆！！！
3228,卧槽这是什么鬼操作？太牛了
3229,中间应该退过，没埃洛伊
3230,牛逼
3231,有时候6：58都能卡出来满星来
3232,耻辱柱？！
3233,太极限了
3234,6，就算是等天理也要把万叶几个神辅抽了给天理凑队友把
3235,哈哈哈哈哈笑拉了
3236,他不痛苦，打深渊的才痛苦
3237,道理我都懂，所以主包着急下班玩帕鲁是吧
3238,知识试图装进脑子
3239,帅
3240,配置高点这里可以偷输出
3241,头好痒，要长脑子了
3242,咕噜咕噜咕噜
3243,我去。这么细节的啊
3244,笑死
3245,全体起立
3246,不好意思 忘了以观众身份发了 对不起
3247,卧槽！
3248,我只能做到尽量捋直舌头讲解了 因为我的嘴已经跟不上我的手了
3249,第二间上半的细节太多了 要保证讲出所有
3250,耻辱柱
3251,up打深渊要钱吗（）
3252,嘉明无敌啊，丽莎乱杀啊
3253,nb
3254,这是另一个号
3255,摆子…更新视频要用直播时长来换的…好意思说
3256,怪要是有精通属性…这两个种子应该秒杀了
3257,牛逼大了
3258,上半真的快
3259,原来是把绿色的冻住就可以聚怪了
3260,西风是蒙德主线任务送的
3261,啊？
3262,太帅了
3263,芭芭拉送过
3264,香菱这面板太强了
3265,都是领的，全免费角色
3266,卧槽
3267,提瓦特期盼人人恪尽职守
3268,泪目
3269,嘴都整秃噜了
3270,蓟县中的蓟县
3271,极限
3272,卧槽
